"Laikotarpis","Rodiklis","Europos individualaus vartojimo išlaidų pagal paskirtį klasifikatorius (ECOICOP)","Matavimo vienetai","Reikšmė"
"2018M02","Suderinti vartotojų kainų indeksai (2015 m. – 100)","VARTOJIMO PREKĖS IR PASLAUGOS","-","105,73"
"2018M02","Suderinti vartotojų kainų indeksai (2015 m. – 100)","ALKOHOLINIAI GĖRIMAI, TABAKAS IR NARKOTIKAI","-","117,34"
"2018M01","Suderinti vartotojų kainų indeksai (2015 m. – 100)","VARTOJIMO PREKĖS IR PASLAUGOS","-","105,87"
"2018M01","Suderinti vartotojų kainų indeksai (2015 m. – 100)","ALKOHOLINIAI GĖRIMAI, TABAKAS IR NARKOTIKAI","-","117,07"
"2017M12","Suderinti vartotojų kainų indeksai (2015 m. – 100)","VARTOJIMO PREKĖS IR PASLAUGOS","-","105,82"
"2017M12","Suderinti vartotojų kainų indeksai (2015 m. – 100)","ALKOHOLINIAI GĖRIMAI, TABAKAS IR NARKOTIKAI","-","115,98"
"2017M11","Suderinti vartotojų kainų indeksai (2015 m. – 100)","VARTOJIMO PREKĖS IR PASLAUGOS","-","105,69"
"2017M11","Suderinti vartotojų kainų indeksai (2015 m. – 100)","ALKOHOLINIAI GĖRIMAI, TABAKAS IR NARKOTIKAI","-","117,52"
"2017M10","Suderinti vartotojų kainų indeksai (2015 m. – 100)","VARTOJIMO PREKĖS IR PASLAUGOS","-","105,42"
"2017M10","Suderinti vartotojų kainų indeksai (2015 m. – 100)","ALKOHOLINIAI GĖRIMAI, TABAKAS IR NARKOTIKAI","-","117,30"
"2017M09","Suderinti vartotojų kainų indeksai (2015 m. – 100)","VARTOJIMO PREKĖS IR PASLAUGOS","-","105,28"
"2017M09","Suderinti vartotojų kainų indeksai (2015 m. – 100)","ALKOHOLINIAI GĖRIMAI, TABAKAS IR NARKOTIKAI","-","118,26"
"2017M08","Suderinti vartotojų kainų indeksai (2015 m. – 100)","VARTOJIMO PREKĖS IR PASLAUGOS","-","104,45"
"2017M08","Suderinti vartotojų kainų indeksai (2015 m. – 100)","ALKOHOLINIAI GĖRIMAI, TABAKAS IR NARKOTIKAI","-","117,28"
"2017M07","Suderinti vartotojų kainų indeksai (2015 m. – 100)","VARTOJIMO PREKĖS IR PASLAUGOS","-","104,46"
"2017M07","Suderinti vartotojų kainų indeksai (2015 m. – 100)","ALKOHOLINIAI GĖRIMAI, TABAKAS IR NARKOTIKAI","-","117,06"
"2017M06","Suderinti vartotojų kainų indeksai (2015 m. – 100)","VARTOJIMO PREKĖS IR PASLAUGOS","-","104,66"
"2017M06","Suderinti vartotojų kainų indeksai (2015 m. – 100)","ALKOHOLINIAI GĖRIMAI, TABAKAS IR NARKOTIKAI","-","116,43"
"2017M05","Suderinti vartotojų kainų indeksai (2015 m. – 100)","VARTOJIMO PREKĖS IR PASLAUGOS","-","104,42"
"2017M05","Suderinti vartotojų kainų indeksai (2015 m. – 100)","ALKOHOLINIAI GĖRIMAI, TABAKAS IR NARKOTIKAI","-","117,32"
"2017M04","Suderinti vartotojų kainų indeksai (2015 m. – 100)","VARTOJIMO PREKĖS IR PASLAUGOS","-","104,64"
"2017M04","Suderinti vartotojų kainų indeksai (2015 m. – 100)","ALKOHOLINIAI GĖRIMAI, TABAKAS IR NARKOTIKAI","-","116,29"
"2017M03","Suderinti vartotojų kainų indeksai (2015 m. – 100)","VARTOJIMO PREKĖS IR PASLAUGOS","-","103,58"
"2017M03","Suderinti vartotojų kainų indeksai (2015 m. – 100)","ALKOHOLINIAI GĖRIMAI, TABAKAS IR NARKOTIKAI","-","114,06"
"2017M02","Suderinti vartotojų kainų indeksai (2015 m. – 100)","VARTOJIMO PREKĖS IR PASLAUGOS","-","102,49"
"2017M02","Suderinti vartotojų kainų indeksai (2015 m. – 100)","ALKOHOLINIAI GĖRIMAI, TABAKAS IR NARKOTIKAI","-","105,27"
"2017M01","Suderinti vartotojų kainų indeksai (2015 m. – 100)","VARTOJIMO PREKĖS IR PASLAUGOS","-","102,15"
"2017M01","Suderinti vartotojų kainų indeksai (2015 m. – 100)","ALKOHOLINIAI GĖRIMAI, TABAKAS IR NARKOTIKAI","-","104,96"
"2016M12","Suderinti vartotojų kainų indeksai (2015 m. – 100)","VARTOJIMO PREKĖS IR PASLAUGOS","-","101,94"
"2016M12","Suderinti vartotojų kainų indeksai (2015 m. – 100)","ALKOHOLINIAI GĖRIMAI, TABAKAS IR NARKOTIKAI","-","103,91"
"2016M11","Suderinti vartotojų kainų indeksai (2015 m. – 100)","VARTOJIMO PREKĖS IR PASLAUGOS","-","101,46"
"2016M11","Suderinti vartotojų kainų indeksai (2015 m. – 100)","ALKOHOLINIAI GĖRIMAI, TABAKAS IR NARKOTIKAI","-","105,87"
"2016M10","Suderinti vartotojų kainų indeksai (2015 m. – 100)","VARTOJIMO PREKĖS IR PASLAUGOS","-","101,16"
"2016M10","Suderinti vartotojų kainų indeksai (2015 m. – 100)","ALKOHOLINIAI GĖRIMAI, TABAKAS IR NARKOTIKAI","-","104,72"
"2016M09","Suderinti vartotojų kainų indeksai (2015 m. – 100)","VARTOJIMO PREKĖS IR PASLAUGOS","-","100,63"
"2016M09","Suderinti vartotojų kainų indeksai (2015 m. – 100)","ALKOHOLINIAI GĖRIMAI, TABAKAS IR NARKOTIKAI","-","105,43"
"2016M08","Suderinti vartotojų kainų indeksai (2015 m. – 100)","VARTOJIMO PREKĖS IR PASLAUGOS","-","99,86"
"2016M08","Suderinti vartotojų kainų indeksai (2015 m. – 100)","ALKOHOLINIAI GĖRIMAI, TABAKAS IR NARKOTIKAI","-","104,53"
"2016M07","Suderinti vartotojų kainų indeksai (2015 m. – 100)","VARTOJIMO PREKĖS IR PASLAUGOS","-","100,31"
"2016M07","Suderinti vartotojų kainų indeksai (2015 m. – 100)","ALKOHOLINIAI GĖRIMAI, TABAKAS IR NARKOTIKAI","-","104,64"
"2016M06","Suderinti vartotojų kainų indeksai (2015 m. – 100)","VARTOJIMO PREKĖS IR PASLAUGOS","-","101,13"
"2016M06","Suderinti vartotojų kainų indeksai (2015 m. – 100)","ALKOHOLINIAI GĖRIMAI, TABAKAS IR NARKOTIKAI","-","103,93"
"2016M05","Suderinti vartotojų kainų indeksai (2015 m. – 100)","VARTOJIMO PREKĖS IR PASLAUGOS","-","101,14"
"2016M05","Suderinti vartotojų kainų indeksai (2015 m. – 100)","ALKOHOLINIAI GĖRIMAI, TABAKAS IR NARKOTIKAI","-","103,89"
"2016M04","Suderinti vartotojų kainų indeksai (2015 m. – 100)","VARTOJIMO PREKĖS IR PASLAUGOS","-","101,13"
"2016M04","Suderinti vartotojų kainų indeksai (2015 m. – 100)","ALKOHOLINIAI GĖRIMAI, TABAKAS IR NARKOTIKAI","-","103,51"
"2016M03","Suderinti vartotojų kainų indeksai (2015 m. – 100)","VARTOJIMO PREKĖS IR PASLAUGOS","-","100,41"
"2016M03","Suderinti vartotojų kainų indeksai (2015 m. – 100)","ALKOHOLINIAI GĖRIMAI, TABAKAS IR NARKOTIKAI","-","102,83"
"2016M02","Suderinti vartotojų kainų indeksai (2015 m. – 100)","VARTOJIMO PREKĖS IR PASLAUGOS","-","99,35"
"2016M02","Suderinti vartotojų kainų indeksai (2015 m. – 100)","ALKOHOLINIAI GĖRIMAI, TABAKAS IR NARKOTIKAI","-","100,42"
"2016M01","Suderinti vartotojų kainų indeksai (2015 m. – 100)","VARTOJIMO PREKĖS IR PASLAUGOS","-","99,62"
"2016M01","Suderinti vartotojų kainų indeksai (2015 m. – 100)","ALKOHOLINIAI GĖRIMAI, TABAKAS IR NARKOTIKAI","-","101,01"
"2015M12","Suderinti vartotojų kainų indeksai (2015 m. – 100)","VARTOJIMO PREKĖS IR PASLAUGOS","-","99,98"
"2015M12","Suderinti vartotojų kainų indeksai (2015 m. – 100)","ALKOHOLINIAI GĖRIMAI, TABAKAS IR NARKOTIKAI","-","99,62"
"2015M11","Suderinti vartotojų kainų indeksai (2015 m. – 100)","VARTOJIMO PREKĖS IR PASLAUGOS","-","100,35"
"2015M11","Suderinti vartotojų kainų indeksai (2015 m. – 100)","ALKOHOLINIAI GĖRIMAI, TABAKAS IR NARKOTIKAI","-","100,63"
"2015M10","Suderinti vartotojų kainų indeksai (2015 m. – 100)","VARTOJIMO PREKĖS IR PASLAUGOS","-","100,50"
"2015M10","Suderinti vartotojų kainų indeksai (2015 m. – 100)","ALKOHOLINIAI GĖRIMAI, TABAKAS IR NARKOTIKAI","-","100,51"
"2015M09","Suderinti vartotojų kainų indeksai (2015 m. – 100)","VARTOJIMO PREKĖS IR PASLAUGOS","-","100,01"
"2015M09","Suderinti vartotojų kainų indeksai (2015 m. – 100)","ALKOHOLINIAI GĖRIMAI, TABAKAS IR NARKOTIKAI","-","100,01"
"2015M08","Suderinti vartotojų kainų indeksai (2015 m. – 100)","VARTOJIMO PREKĖS IR PASLAUGOS","-","99,40"
"2015M08","Suderinti vartotojų kainų indeksai (2015 m. – 100)","ALKOHOLINIAI GĖRIMAI, TABAKAS IR NARKOTIKAI","-","100,24"
"2015M07","Suderinti vartotojų kainų indeksai (2015 m. – 100)","VARTOJIMO PREKĖS IR PASLAUGOS","-","100,27"
"2015M07","Suderinti vartotojų kainų indeksai (2015 m. – 100)","ALKOHOLINIAI GĖRIMAI, TABAKAS IR NARKOTIKAI","-","99,62"
"2015M06","Suderinti vartotojų kainų indeksai (2015 m. – 100)","VARTOJIMO PREKĖS IR PASLAUGOS","-","100,77"
"2015M06","Suderinti vartotojų kainų indeksai (2015 m. – 100)","ALKOHOLINIAI GĖRIMAI, TABAKAS IR NARKOTIKAI","-","99,63"
"2015M05","Suderinti vartotojų kainų indeksai (2015 m. – 100)","VARTOJIMO PREKĖS IR PASLAUGOS","-","100,95"
"2015M05","Suderinti vartotojų kainų indeksai (2015 m. – 100)","ALKOHOLINIAI GĖRIMAI, TABAKAS IR NARKOTIKAI","-","99,82"
"2015M04","Suderinti vartotojų kainų indeksai (2015 m. – 100)","VARTOJIMO PREKĖS IR PASLAUGOS","-","100,36"
"2015M04","Suderinti vartotojų kainų indeksai (2015 m. – 100)","ALKOHOLINIAI GĖRIMAI, TABAKAS IR NARKOTIKAI","-","101,05"
"2015M03","Suderinti vartotojų kainų indeksai (2015 m. – 100)","VARTOJIMO PREKĖS IR PASLAUGOS","-","99,63"
"2015M03","Suderinti vartotojų kainų indeksai (2015 m. – 100)","ALKOHOLINIAI GĖRIMAI, TABAKAS IR NARKOTIKAI","-","100,20"
"2015M02","Suderinti vartotojų kainų indeksai (2015 m. – 100)","VARTOJIMO PREKĖS IR PASLAUGOS","-","98,82"
"2015M02","Suderinti vartotojų kainų indeksai (2015 m. – 100)","ALKOHOLINIAI GĖRIMAI, TABAKAS IR NARKOTIKAI","-","99,17"
"2015M01","Suderinti vartotojų kainų indeksai (2015 m. – 100)","VARTOJIMO PREKĖS IR PASLAUGOS","-","98,96"
"2015M01","Suderinti vartotojų kainų indeksai (2015 m. – 100)","ALKOHOLINIAI GĖRIMAI, TABAKAS IR NARKOTIKAI","-","99,51"
"2014M12","Suderinti vartotojų kainų indeksai (2015 m. – 100)","VARTOJIMO PREKĖS IR PASLAUGOS","-","100,23"
"2014M12","Suderinti vartotojų kainų indeksai (2015 m. – 100)","ALKOHOLINIAI GĖRIMAI, TABAKAS IR NARKOTIKAI","-","99,28"
"2014M11","Suderinti vartotojų kainų indeksai (2015 m. – 100)","VARTOJIMO PREKĖS IR PASLAUGOS","-","100,88"
"2014M11","Suderinti vartotojų kainų indeksai (2015 m. – 100)","ALKOHOLINIAI GĖRIMAI, TABAKAS IR NARKOTIKAI","-","99,92"
"2014M10","Suderinti vartotojų kainų indeksai (2015 m. – 100)","VARTOJIMO PREKĖS IR PASLAUGOS","-","100,95"
"2014M10","Suderinti vartotojų kainų indeksai (2015 m. – 100)","ALKOHOLINIAI GĖRIMAI, TABAKAS IR NARKOTIKAI","-","99,62"
"2014M09","Suderinti vartotojų kainų indeksai (2015 m. – 100)","VARTOJIMO PREKĖS IR PASLAUGOS","-","100,85"
"2014M09","Suderinti vartotojų kainų indeksai (2015 m. – 100)","ALKOHOLINIAI GĖRIMAI, TABAKAS IR NARKOTIKAI","-","99,23"
"2014M08","Suderinti vartotojų kainų indeksai (2015 m. – 100)","VARTOJIMO PREKĖS IR PASLAUGOS","-","100,40"
"2014M08","Suderinti vartotojų kainų indeksai (2015 m. – 100)","ALKOHOLINIAI GĖRIMAI, TABAKAS IR NARKOTIKAI","-","99,29"
"2014M07","Suderinti vartotojų kainų indeksai (2015 m. – 100)","VARTOJIMO PREKĖS IR PASLAUGOS","-","100,50"
"2014M07","Suderinti vartotojų kainų indeksai (2015 m. – 100)","ALKOHOLINIAI GĖRIMAI, TABAKAS IR NARKOTIKAI","-","98,55"
"2014M06","Suderinti vartotojų kainų indeksai (2015 m. – 100)","VARTOJIMO PREKĖS IR PASLAUGOS","-","100,99"
"2014M06","Suderinti vartotojų kainų indeksai (2015 m. – 100)","ALKOHOLINIAI GĖRIMAI, TABAKAS IR NARKOTIKAI","-","98,05"
"2014M05","Suderinti vartotojų kainų indeksai (2015 m. – 100)","VARTOJIMO PREKĖS IR PASLAUGOS","-","101,00"
"2014M05","Suderinti vartotojų kainų indeksai (2015 m. – 100)","ALKOHOLINIAI GĖRIMAI, TABAKAS IR NARKOTIKAI","-","98,42"
"2014M04","Suderinti vartotojų kainų indeksai (2015 m. – 100)","VARTOJIMO PREKĖS IR PASLAUGOS","-","101,00"
"2014M04","Suderinti vartotojų kainų indeksai (2015 m. – 100)","ALKOHOLINIAI GĖRIMAI, TABAKAS IR NARKOTIKAI","-","97,57"
"2014M03","Suderinti vartotojų kainų indeksai (2015 m. – 100)","VARTOJIMO PREKĖS IR PASLAUGOS","-","100,72"
"2014M03","Suderinti vartotojų kainų indeksai (2015 m. – 100)","ALKOHOLINIAI GĖRIMAI, TABAKAS IR NARKOTIKAI","-","96,86"
"2014M02","Suderinti vartotojų kainų indeksai (2015 m. – 100)","VARTOJIMO PREKĖS IR PASLAUGOS","-","100,33"
"2014M02","Suderinti vartotojų kainų indeksai (2015 m. – 100)","ALKOHOLINIAI GĖRIMAI, TABAKAS IR NARKOTIKAI","-","96,78"
"2014M01","Suderinti vartotojų kainų indeksai (2015 m. – 100)","VARTOJIMO PREKĖS IR PASLAUGOS","-","100,33"
"2014M01","Suderinti vartotojų kainų indeksai (2015 m. – 100)","ALKOHOLINIAI GĖRIMAI, TABAKAS IR NARKOTIKAI","-","95,91"
"2013M12","Suderinti vartotojų kainų indeksai (2015 m. – 100)","VARTOJIMO PREKĖS IR PASLAUGOS","-","100,34"
"2013M12","Suderinti vartotojų kainų indeksai (2015 m. – 100)","ALKOHOLINIAI GĖRIMAI, TABAKAS IR NARKOTIKAI","-","95,25"
"2013M11","Suderinti vartotojų kainų indeksai (2015 m. – 100)","VARTOJIMO PREKĖS IR PASLAUGOS","-","100,52"
"2013M11","Suderinti vartotojų kainų indeksai (2015 m. – 100)","ALKOHOLINIAI GĖRIMAI, TABAKAS IR NARKOTIKAI","-","95,86"
"2013M10","Suderinti vartotojų kainų indeksai (2015 m. – 100)","VARTOJIMO PREKĖS IR PASLAUGOS","-","100,66"
"2013M10","Suderinti vartotojų kainų indeksai (2015 m. – 100)","ALKOHOLINIAI GĖRIMAI, TABAKAS IR NARKOTIKAI","-","95,47"
"2013M09","Suderinti vartotojų kainų indeksai (2015 m. – 100)","VARTOJIMO PREKĖS IR PASLAUGOS","-","100,84"
"2013M09","Suderinti vartotojų kainų indeksai (2015 m. – 100)","ALKOHOLINIAI GĖRIMAI, TABAKAS IR NARKOTIKAI","-","95,11"
"2013M08","Suderinti vartotojų kainų indeksai (2015 m. – 100)","VARTOJIMO PREKĖS IR PASLAUGOS","-","100,13"
"2013M08","Suderinti vartotojų kainų indeksai (2015 m. – 100)","ALKOHOLINIAI GĖRIMAI, TABAKAS IR NARKOTIKAI","-","95,06"
"2013M07","Suderinti vartotojų kainų indeksai (2015 m. – 100)","VARTOJIMO PREKĖS IR PASLAUGOS","-","100,03"
"2013M07","Suderinti vartotojų kainų indeksai (2015 m. – 100)","ALKOHOLINIAI GĖRIMAI, TABAKAS IR NARKOTIKAI","-","94,62"
"2013M06","Suderinti vartotojų kainų indeksai (2015 m. – 100)","VARTOJIMO PREKĖS IR PASLAUGOS","-","100,71"
"2013M06","Suderinti vartotojų kainų indeksai (2015 m. – 100)","ALKOHOLINIAI GĖRIMAI, TABAKAS IR NARKOTIKAI","-","94,59"
"2013M05","Suderinti vartotojų kainų indeksai (2015 m. – 100)","VARTOJIMO PREKĖS IR PASLAUGOS","-","100,91"
"2013M05","Suderinti vartotojų kainų indeksai (2015 m. – 100)","ALKOHOLINIAI GĖRIMAI, TABAKAS IR NARKOTIKAI","-","94,26"
"2013M04","Suderinti vartotojų kainų indeksai (2015 m. – 100)","VARTOJIMO PREKĖS IR PASLAUGOS","-","100,68"
"2013M04","Suderinti vartotojų kainų indeksai (2015 m. – 100)","ALKOHOLINIAI GĖRIMAI, TABAKAS IR NARKOTIKAI","-","94,05"
"2013M03","Suderinti vartotojų kainų indeksai (2015 m. – 100)","VARTOJIMO PREKĖS IR PASLAUGOS","-","100,34"
"2013M03","Suderinti vartotojų kainų indeksai (2015 m. – 100)","ALKOHOLINIAI GĖRIMAI, TABAKAS IR NARKOTIKAI","-","94,16"
"2013M02","Suderinti vartotojų kainų indeksai (2015 m. – 100)","VARTOJIMO PREKĖS IR PASLAUGOS","-","100,02"
"2013M02","Suderinti vartotojų kainų indeksai (2015 m. – 100)","ALKOHOLINIAI GĖRIMAI, TABAKAS IR NARKOTIKAI","-","94,13"
"2013M01","Suderinti vartotojų kainų indeksai (2015 m. – 100)","VARTOJIMO PREKĖS IR PASLAUGOS","-","100,08"
"2013M01","Suderinti vartotojų kainų indeksai (2015 m. – 100)","ALKOHOLINIAI GĖRIMAI, TABAKAS IR NARKOTIKAI","-","93,66"
"2012M12","Suderinti vartotojų kainų indeksai (2015 m. – 100)","VARTOJIMO PREKĖS IR PASLAUGOS","-","99,89"
"2012M12","Suderinti vartotojų kainų indeksai (2015 m. – 100)","ALKOHOLINIAI GĖRIMAI, TABAKAS IR NARKOTIKAI","-","92,99"
"2012M11","Suderinti vartotojų kainų indeksai (2015 m. – 100)","VARTOJIMO PREKĖS IR PASLAUGOS","-","99,97"
"2012M11","Suderinti vartotojų kainų indeksai (2015 m. – 100)","ALKOHOLINIAI GĖRIMAI, TABAKAS IR NARKOTIKAI","-","93,32"
"2012M10","Suderinti vartotojų kainų indeksai (2015 m. – 100)","VARTOJIMO PREKĖS IR PASLAUGOS","-","100,14"
"2012M10","Suderinti vartotojų kainų indeksai (2015 m. – 100)","ALKOHOLINIAI GĖRIMAI, TABAKAS IR NARKOTIKAI","-","93,26"
"2012M09","Suderinti vartotojų kainų indeksai (2015 m. – 100)","VARTOJIMO PREKĖS IR PASLAUGOS","-","100,33"
"2012M09","Suderinti vartotojų kainų indeksai (2015 m. – 100)","ALKOHOLINIAI GĖRIMAI, TABAKAS IR NARKOTIKAI","-","93,41"
"2012M08","Suderinti vartotojų kainų indeksai (2015 m. – 100)","VARTOJIMO PREKĖS IR PASLAUGOS","-","99,60"
"2012M08","Suderinti vartotojų kainų indeksai (2015 m. – 100)","ALKOHOLINIAI GĖRIMAI, TABAKAS IR NARKOTIKAI","-","93,02"
"2012M07","Suderinti vartotojų kainų indeksai (2015 m. – 100)","VARTOJIMO PREKĖS IR PASLAUGOS","-","99,42"
"2012M07","Suderinti vartotojų kainų indeksai (2015 m. – 100)","ALKOHOLINIAI GĖRIMAI, TABAKAS IR NARKOTIKAI","-","92,98"
"2012M06","Suderinti vartotojų kainų indeksai (2015 m. – 100)","VARTOJIMO PREKĖS IR PASLAUGOS","-","99,38"
"2012M06","Suderinti vartotojų kainų indeksai (2015 m. – 100)","ALKOHOLINIAI GĖRIMAI, TABAKAS IR NARKOTIKAI","-","92,69"
"2012M05","Suderinti vartotojų kainų indeksai (2015 m. – 100)","VARTOJIMO PREKĖS IR PASLAUGOS","-","99,42"
"2012M05","Suderinti vartotojų kainų indeksai (2015 m. – 100)","ALKOHOLINIAI GĖRIMAI, TABAKAS IR NARKOTIKAI","-","91,57"
"2012M04","Suderinti vartotojų kainų indeksai (2015 m. – 100)","VARTOJIMO PREKĖS IR PASLAUGOS","-","99,33"
"2012M04","Suderinti vartotojų kainų indeksai (2015 m. – 100)","ALKOHOLINIAI GĖRIMAI, TABAKAS IR NARKOTIKAI","-","91,10"
"2012M03","Suderinti vartotojų kainų indeksai (2015 m. – 100)","VARTOJIMO PREKĖS IR PASLAUGOS","-","98,72"
"2012M03","Suderinti vartotojų kainų indeksai (2015 m. – 100)","ALKOHOLINIAI GĖRIMAI, TABAKAS IR NARKOTIKAI","-","90,33"
"2012M02","Suderinti vartotojų kainų indeksai (2015 m. – 100)","VARTOJIMO PREKĖS IR PASLAUGOS","-","97,77"
"2012M02","Suderinti vartotojų kainų indeksai (2015 m. – 100)","ALKOHOLINIAI GĖRIMAI, TABAKAS IR NARKOTIKAI","-","89,85"
"2012M01","Suderinti vartotojų kainų indeksai (2015 m. – 100)","VARTOJIMO PREKĖS IR PASLAUGOS","-","97,42"
"2012M01","Suderinti vartotojų kainų indeksai (2015 m. – 100)","ALKOHOLINIAI GĖRIMAI, TABAKAS IR NARKOTIKAI","-","89,79"
"2011M12","Suderinti vartotojų kainų indeksai (2015 m. – 100)","VARTOJIMO PREKĖS IR PASLAUGOS","-","97,06"
"2011M12","Suderinti vartotojų kainų indeksai (2015 m. – 100)","ALKOHOLINIAI GĖRIMAI, TABAKAS IR NARKOTIKAI","-","89,21"
"2011M11","Suderinti vartotojų kainų indeksai (2015 m. – 100)","VARTOJIMO PREKĖS IR PASLAUGOS","-","97,20"
"2011M11","Suderinti vartotojų kainų indeksai (2015 m. – 100)","ALKOHOLINIAI GĖRIMAI, TABAKAS IR NARKOTIKAI","-","89,27"
"2011M10","Suderinti vartotojų kainų indeksai (2015 m. – 100)","VARTOJIMO PREKĖS IR PASLAUGOS","-","97,03"
"2011M10","Suderinti vartotojų kainų indeksai (2015 m. – 100)","ALKOHOLINIAI GĖRIMAI, TABAKAS IR NARKOTIKAI","-","89,06"
"2011M09","Suderinti vartotojų kainų indeksai (2015 m. – 100)","VARTOJIMO PREKĖS IR PASLAUGOS","-","97,09"
"2011M09","Suderinti vartotojų kainų indeksai (2015 m. – 100)","ALKOHOLINIAI GĖRIMAI, TABAKAS IR NARKOTIKAI","-","89,05"
"2011M08","Suderinti vartotojų kainų indeksai (2015 m. – 100)","VARTOJIMO PREKĖS IR PASLAUGOS","-","96,28"
"2011M08","Suderinti vartotojų kainų indeksai (2015 m. – 100)","ALKOHOLINIAI GĖRIMAI, TABAKAS IR NARKOTIKAI","-","89,00"
"2011M07","Suderinti vartotojų kainų indeksai (2015 m. – 100)","VARTOJIMO PREKĖS IR PASLAUGOS","-","96,62"
"2011M07","Suderinti vartotojų kainų indeksai (2015 m. – 100)","ALKOHOLINIAI GĖRIMAI, TABAKAS IR NARKOTIKAI","-","89,39"
"2011M06","Suderinti vartotojų kainų indeksai (2015 m. – 100)","VARTOJIMO PREKĖS IR PASLAUGOS","-","96,83"
"2011M06","Suderinti vartotojų kainų indeksai (2015 m. – 100)","ALKOHOLINIAI GĖRIMAI, TABAKAS IR NARKOTIKAI","-","89,20"
"2011M05","Suderinti vartotojų kainų indeksai (2015 m. – 100)","VARTOJIMO PREKĖS IR PASLAUGOS","-","96,93"
"2011M05","Suderinti vartotojų kainų indeksai (2015 m. – 100)","ALKOHOLINIAI GĖRIMAI, TABAKAS IR NARKOTIKAI","-","89,02"
"2011M04","Suderinti vartotojų kainų indeksai (2015 m. – 100)","VARTOJIMO PREKĖS IR PASLAUGOS","-","96,17"
"2011M04","Suderinti vartotojų kainų indeksai (2015 m. – 100)","ALKOHOLINIAI GĖRIMAI, TABAKAS IR NARKOTIKAI","-","88,29"
"2011M03","Suderinti vartotojų kainų indeksai (2015 m. – 100)","VARTOJIMO PREKĖS IR PASLAUGOS","-","95,19"
"2011M03","Suderinti vartotojų kainų indeksai (2015 m. – 100)","ALKOHOLINIAI GĖRIMAI, TABAKAS IR NARKOTIKAI","-","88,12"
"2011M02","Suderinti vartotojų kainų indeksai (2015 m. – 100)","VARTOJIMO PREKĖS IR PASLAUGOS","-","94,26"
"2011M02","Suderinti vartotojų kainų indeksai (2015 m. – 100)","ALKOHOLINIAI GĖRIMAI, TABAKAS IR NARKOTIKAI","-","88,10"
"2011M01","Suderinti vartotojų kainų indeksai (2015 m. – 100)","VARTOJIMO PREKĖS IR PASLAUGOS","-","94,19"
"2011M01","Suderinti vartotojų kainų indeksai (2015 m. – 100)","ALKOHOLINIAI GĖRIMAI, TABAKAS IR NARKOTIKAI","-","88,73"
"2010M12","Suderinti vartotojų kainų indeksai (2015 m. – 100)","VARTOJIMO PREKĖS IR PASLAUGOS","-","93,80"
"2010M12","Suderinti vartotojų kainų indeksai (2015 m. – 100)","ALKOHOLINIAI GĖRIMAI, TABAKAS IR NARKOTIKAI","-","87,84"
"2010M11","Suderinti vartotojų kainų indeksai (2015 m. – 100)","VARTOJIMO PREKĖS IR PASLAUGOS","-","93,09"
"2010M11","Suderinti vartotojų kainų indeksai (2015 m. – 100)","ALKOHOLINIAI GĖRIMAI, TABAKAS IR NARKOTIKAI","-","87,59"
"2010M10","Suderinti vartotojų kainų indeksai (2015 m. – 100)","VARTOJIMO PREKĖS IR PASLAUGOS","-","93,12"
"2010M10","Suderinti vartotojų kainų indeksai (2015 m. – 100)","ALKOHOLINIAI GĖRIMAI, TABAKAS IR NARKOTIKAI","-","88,69"
"2010M09","Suderinti vartotojų kainų indeksai (2015 m. – 100)","VARTOJIMO PREKĖS IR PASLAUGOS","-","92,76"
"2010M09","Suderinti vartotojų kainų indeksai (2015 m. – 100)","ALKOHOLINIAI GĖRIMAI, TABAKAS IR NARKOTIKAI","-","88,55"
"2010M08","Suderinti vartotojų kainų indeksai (2015 m. – 100)","VARTOJIMO PREKĖS IR PASLAUGOS","-","92,21"
"2010M08","Suderinti vartotojų kainų indeksai (2015 m. – 100)","ALKOHOLINIAI GĖRIMAI, TABAKAS IR NARKOTIKAI","-","88,23"
"2010M07","Suderinti vartotojų kainų indeksai (2015 m. – 100)","VARTOJIMO PREKĖS IR PASLAUGOS","-","92,41"
"2010M07","Suderinti vartotojų kainų indeksai (2015 m. – 100)","ALKOHOLINIAI GĖRIMAI, TABAKAS IR NARKOTIKAI","-","88,13"
"2010M06","Suderinti vartotojų kainų indeksai (2015 m. – 100)","VARTOJIMO PREKĖS IR PASLAUGOS","-","92,38"
"2010M06","Suderinti vartotojų kainų indeksai (2015 m. – 100)","ALKOHOLINIAI GĖRIMAI, TABAKAS IR NARKOTIKAI","-","88,04"
"2010M05","Suderinti vartotojų kainų indeksai (2015 m. – 100)","VARTOJIMO PREKĖS IR PASLAUGOS","-","92,34"
"2010M05","Suderinti vartotojų kainų indeksai (2015 m. – 100)","ALKOHOLINIAI GĖRIMAI, TABAKAS IR NARKOTIKAI","-","87,92"
"2010M04","Suderinti vartotojų kainų indeksai (2015 m. – 100)","VARTOJIMO PREKĖS IR PASLAUGOS","-","92,16"
"2010M04","Suderinti vartotojų kainų indeksai (2015 m. – 100)","ALKOHOLINIAI GĖRIMAI, TABAKAS IR NARKOTIKAI","-","88,14"
"2010M03","Suderinti vartotojų kainų indeksai (2015 m. – 100)","VARTOJIMO PREKĖS IR PASLAUGOS","-","91,76"
"2010M03","Suderinti vartotojų kainų indeksai (2015 m. – 100)","ALKOHOLINIAI GĖRIMAI, TABAKAS IR NARKOTIKAI","-","87,99"
"2010M02","Suderinti vartotojų kainų indeksai (2015 m. – 100)","VARTOJIMO PREKĖS IR PASLAUGOS","-","91,50"
"2010M02","Suderinti vartotojų kainų indeksai (2015 m. – 100)","ALKOHOLINIAI GĖRIMAI, TABAKAS IR NARKOTIKAI","-","87,39"
"2010M01","Suderinti vartotojų kainų indeksai (2015 m. – 100)","VARTOJIMO PREKĖS IR PASLAUGOS","-","91,58"
"2010M01","Suderinti vartotojų kainų indeksai (2015 m. – 100)","ALKOHOLINIAI GĖRIMAI, TABAKAS IR NARKOTIKAI","-","87,11"
"2009M12","Suderinti vartotojų kainų indeksai (2015 m. – 100)","VARTOJIMO PREKĖS IR PASLAUGOS","-","90,52"
"2009M12","Suderinti vartotojų kainų indeksai (2015 m. – 100)","ALKOHOLINIAI GĖRIMAI, TABAKAS IR NARKOTIKAI","-","85,89"
"2009M11","Suderinti vartotojų kainų indeksai (2015 m. – 100)","VARTOJIMO PREKĖS IR PASLAUGOS","-","90,81"
"2009M11","Suderinti vartotojų kainų indeksai (2015 m. – 100)","ALKOHOLINIAI GĖRIMAI, TABAKAS IR NARKOTIKAI","-","85,49"
"2009M10","Suderinti vartotojų kainų indeksai (2015 m. – 100)","VARTOJIMO PREKĖS IR PASLAUGOS","-","90,76"
"2009M10","Suderinti vartotojų kainų indeksai (2015 m. – 100)","ALKOHOLINIAI GĖRIMAI, TABAKAS IR NARKOTIKAI","-","83,59"
"2009M09","Suderinti vartotojų kainų indeksai (2015 m. – 100)","VARTOJIMO PREKĖS IR PASLAUGOS","-","91,14"
"2009M09","Suderinti vartotojų kainų indeksai (2015 m. – 100)","ALKOHOLINIAI GĖRIMAI, TABAKAS IR NARKOTIKAI","-","80,19"
"2009M08","Suderinti vartotojų kainų indeksai (2015 m. – 100)","VARTOJIMO PREKĖS IR PASLAUGOS","-","90,62"
"2009M08","Suderinti vartotojų kainų indeksai (2015 m. – 100)","ALKOHOLINIAI GĖRIMAI, TABAKAS IR NARKOTIKAI","-","78,91"
"2009M07","Suderinti vartotojų kainų indeksai (2015 m. – 100)","VARTOJIMO PREKĖS IR PASLAUGOS","-","90,82"
"2009M07","Suderinti vartotojų kainų indeksai (2015 m. – 100)","ALKOHOLINIAI GĖRIMAI, TABAKAS IR NARKOTIKAI","-","78,67"
"2009M06","Suderinti vartotojų kainų indeksai (2015 m. – 100)","VARTOJIMO PREKĖS IR PASLAUGOS","-","91,54"
"2009M06","Suderinti vartotojų kainų indeksai (2015 m. – 100)","ALKOHOLINIAI GĖRIMAI, TABAKAS IR NARKOTIKAI","-","78,44"
"2009M05","Suderinti vartotojų kainų indeksai (2015 m. – 100)","VARTOJIMO PREKĖS IR PASLAUGOS","-","91,85"
"2009M05","Suderinti vartotojų kainų indeksai (2015 m. – 100)","ALKOHOLINIAI GĖRIMAI, TABAKAS IR NARKOTIKAI","-","78,60"
"2009M04","Suderinti vartotojų kainų indeksai (2015 m. – 100)","VARTOJIMO PREKĖS IR PASLAUGOS","-","92,01"
"2009M04","Suderinti vartotojų kainų indeksai (2015 m. – 100)","ALKOHOLINIAI GĖRIMAI, TABAKAS IR NARKOTIKAI","-","77,14"
"2009M03","Suderinti vartotojų kainų indeksai (2015 m. – 100)","VARTOJIMO PREKĖS IR PASLAUGOS","-","92,09"
"2009M03","Suderinti vartotojų kainų indeksai (2015 m. – 100)","ALKOHOLINIAI GĖRIMAI, TABAKAS IR NARKOTIKAI","-","74,74"
"2009M02","Suderinti vartotojų kainų indeksai (2015 m. – 100)","VARTOJIMO PREKĖS IR PASLAUGOS","-","92,09"
"2009M02","Suderinti vartotojų kainų indeksai (2015 m. – 100)","ALKOHOLINIAI GĖRIMAI, TABAKAS IR NARKOTIKAI","-","74,13"
"2009M01","Suderinti vartotojų kainų indeksai (2015 m. – 100)","VARTOJIMO PREKĖS IR PASLAUGOS","-","91,81"
"2009M01","Suderinti vartotojų kainų indeksai (2015 m. – 100)","ALKOHOLINIAI GĖRIMAI, TABAKAS IR NARKOTIKAI","-","72,68"
"2008M12","Suderinti vartotojų kainų indeksai (2015 m. – 100)","VARTOJIMO PREKĖS IR PASLAUGOS","-","89,47"
"2008M12","Suderinti vartotojų kainų indeksai (2015 m. – 100)","ALKOHOLINIAI GĖRIMAI, TABAKAS IR NARKOTIKAI","-","70,44"
"2008M11","Suderinti vartotojų kainų indeksai (2015 m. – 100)","VARTOJIMO PREKĖS IR PASLAUGOS","-","89,63"
"2008M11","Suderinti vartotojų kainų indeksai (2015 m. – 100)","ALKOHOLINIAI GĖRIMAI, TABAKAS IR NARKOTIKAI","-","70,42"
"2008M10","Suderinti vartotojų kainų indeksai (2015 m. – 100)","VARTOJIMO PREKĖS IR PASLAUGOS","-","89,90"
"2008M10","Suderinti vartotojų kainų indeksai (2015 m. – 100)","ALKOHOLINIAI GĖRIMAI, TABAKAS IR NARKOTIKAI","-","70,09"
"2008M09","Suderinti vartotojų kainų indeksai (2015 m. – 100)","VARTOJIMO PREKĖS IR PASLAUGOS","-","89,08"
"2008M09","Suderinti vartotojų kainų indeksai (2015 m. – 100)","ALKOHOLINIAI GĖRIMAI, TABAKAS IR NARKOTIKAI","-","69,86"
"2008M08","Suderinti vartotojų kainų indeksai (2015 m. – 100)","VARTOJIMO PREKĖS IR PASLAUGOS","-","88,63"
"2008M08","Suderinti vartotojų kainų indeksai (2015 m. – 100)","ALKOHOLINIAI GĖRIMAI, TABAKAS IR NARKOTIKAI","-","69,81"
"2008M07","Suderinti vartotojų kainų indeksai (2015 m. – 100)","VARTOJIMO PREKĖS IR PASLAUGOS","-","88,49"
"2008M07","Suderinti vartotojų kainų indeksai (2015 m. – 100)","ALKOHOLINIAI GĖRIMAI, TABAKAS IR NARKOTIKAI","-","69,75"
"2008M06","Suderinti vartotojų kainų indeksai (2015 m. – 100)","VARTOJIMO PREKĖS IR PASLAUGOS","-","88,12"
"2008M06","Suderinti vartotojų kainų indeksai (2015 m. – 100)","ALKOHOLINIAI GĖRIMAI, TABAKAS IR NARKOTIKAI","-","69,49"
"2008M05","Suderinti vartotojų kainų indeksai (2015 m. – 100)","VARTOJIMO PREKĖS IR PASLAUGOS","-","87,58"
"2008M05","Suderinti vartotojų kainų indeksai (2015 m. – 100)","ALKOHOLINIAI GĖRIMAI, TABAKAS IR NARKOTIKAI","-","69,29"
"2008M04","Suderinti vartotojų kainų indeksai (2015 m. – 100)","VARTOJIMO PREKĖS IR PASLAUGOS","-","86,86"
"2008M04","Suderinti vartotojų kainų indeksai (2015 m. – 100)","ALKOHOLINIAI GĖRIMAI, TABAKAS IR NARKOTIKAI","-","68,57"
"2008M03","Suderinti vartotojų kainų indeksai (2015 m. – 100)","VARTOJIMO PREKĖS IR PASLAUGOS","-","85,77"
"2008M03","Suderinti vartotojų kainų indeksai (2015 m. – 100)","ALKOHOLINIAI GĖRIMAI, TABAKAS IR NARKOTIKAI","-","66,80"
"2008M02","Suderinti vartotojų kainų indeksai (2015 m. – 100)","VARTOJIMO PREKĖS IR PASLAUGOS","-","84,87"
"2008M02","Suderinti vartotojų kainų indeksai (2015 m. – 100)","ALKOHOLINIAI GĖRIMAI, TABAKAS IR NARKOTIKAI","-","65,95"
"2008M01","Suderinti vartotojų kainų indeksai (2015 m. – 100)","VARTOJIMO PREKĖS IR PASLAUGOS","-","83,87"
"2008M01","Suderinti vartotojų kainų indeksai (2015 m. – 100)","ALKOHOLINIAI GĖRIMAI, TABAKAS IR NARKOTIKAI","-","63,27"
"2007M12","Suderinti vartotojų kainų indeksai (2015 m. – 100)","VARTOJIMO PREKĖS IR PASLAUGOS","-","82,49"
"2007M12","Suderinti vartotojų kainų indeksai (2015 m. – 100)","ALKOHOLINIAI GĖRIMAI, TABAKAS IR NARKOTIKAI","-","61,10"
"2007M11","Suderinti vartotojų kainų indeksai (2015 m. – 100)","VARTOJIMO PREKĖS IR PASLAUGOS","-","82,10"
"2007M11","Suderinti vartotojų kainų indeksai (2015 m. – 100)","ALKOHOLINIAI GĖRIMAI, TABAKAS IR NARKOTIKAI","-","60,97"
"2007M10","Suderinti vartotojų kainų indeksai (2015 m. – 100)","VARTOJIMO PREKĖS IR PASLAUGOS","-","81,24"
"2007M10","Suderinti vartotojų kainų indeksai (2015 m. – 100)","ALKOHOLINIAI GĖRIMAI, TABAKAS IR NARKOTIKAI","-","61,18"
"2007M09","Suderinti vartotojų kainų indeksai (2015 m. – 100)","VARTOJIMO PREKĖS IR PASLAUGOS","-","80,07"
"2007M09","Suderinti vartotojų kainų indeksai (2015 m. – 100)","ALKOHOLINIAI GĖRIMAI, TABAKAS IR NARKOTIKAI","-","61,11"
"2007M08","Suderinti vartotojų kainų indeksai (2015 m. – 100)","VARTOJIMO PREKĖS IR PASLAUGOS","-","78,98"
"2007M08","Suderinti vartotojų kainų indeksai (2015 m. – 100)","ALKOHOLINIAI GĖRIMAI, TABAKAS IR NARKOTIKAI","-","60,60"
"2007M07","Suderinti vartotojų kainų indeksai (2015 m. – 100)","VARTOJIMO PREKĖS IR PASLAUGOS","-","78,71"
"2007M07","Suderinti vartotojų kainų indeksai (2015 m. – 100)","ALKOHOLINIAI GĖRIMAI, TABAKAS IR NARKOTIKAI","-","59,46"
"2007M06","Suderinti vartotojų kainų indeksai (2015 m. – 100)","VARTOJIMO PREKĖS IR PASLAUGOS","-","78,21"
"2007M06","Suderinti vartotojų kainų indeksai (2015 m. – 100)","ALKOHOLINIAI GĖRIMAI, TABAKAS IR NARKOTIKAI","-","59,08"
"2007M05","Suderinti vartotojų kainų indeksai (2015 m. – 100)","VARTOJIMO PREKĖS IR PASLAUGOS","-","78,01"
"2007M05","Suderinti vartotojų kainų indeksai (2015 m. – 100)","ALKOHOLINIAI GĖRIMAI, TABAKAS IR NARKOTIKAI","-","58,57"
"2007M04","Suderinti vartotojų kainų indeksai (2015 m. – 100)","VARTOJIMO PREKĖS IR PASLAUGOS","-","77,64"
"2007M04","Suderinti vartotojų kainų indeksai (2015 m. – 100)","ALKOHOLINIAI GĖRIMAI, TABAKAS IR NARKOTIKAI","-","58,42"
"2007M03","Suderinti vartotojų kainų indeksai (2015 m. – 100)","VARTOJIMO PREKĖS IR PASLAUGOS","-","76,97"
"2007M03","Suderinti vartotojų kainų indeksai (2015 m. – 100)","ALKOHOLINIAI GĖRIMAI, TABAKAS IR NARKOTIKAI","-","58,41"
"2007M02","Suderinti vartotojų kainų indeksai (2015 m. – 100)","VARTOJIMO PREKĖS IR PASLAUGOS","-","76,54"
"2007M02","Suderinti vartotojų kainų indeksai (2015 m. – 100)","ALKOHOLINIAI GĖRIMAI, TABAKAS IR NARKOTIKAI","-","58,17"
"2007M01","Suderinti vartotojų kainų indeksai (2015 m. – 100)","VARTOJIMO PREKĖS IR PASLAUGOS","-","76,25"
"2007M01","Suderinti vartotojų kainų indeksai (2015 m. – 100)","ALKOHOLINIAI GĖRIMAI, TABAKAS IR NARKOTIKAI","-","57,95"
"2006M12","Suderinti vartotojų kainų indeksai (2015 m. – 100)","VARTOJIMO PREKĖS IR PASLAUGOS","-","76,24"
"2006M12","Suderinti vartotojų kainų indeksai (2015 m. – 100)","ALKOHOLINIAI GĖRIMAI, TABAKAS IR NARKOTIKAI","-","57,34"
"2006M11","Suderinti vartotojų kainų indeksai (2015 m. – 100)","VARTOJIMO PREKĖS IR PASLAUGOS","-","76,07"
"2006M11","Suderinti vartotojų kainų indeksai (2015 m. – 100)","ALKOHOLINIAI GĖRIMAI, TABAKAS IR NARKOTIKAI","-","57,24"
"2006M10","Suderinti vartotojų kainų indeksai (2015 m. – 100)","VARTOJIMO PREKĖS IR PASLAUGOS","-","75,48"
"2006M10","Suderinti vartotojų kainų indeksai (2015 m. – 100)","ALKOHOLINIAI GĖRIMAI, TABAKAS IR NARKOTIKAI","-","56,98"
"2006M09","Suderinti vartotojų kainų indeksai (2015 m. – 100)","VARTOJIMO PREKĖS IR PASLAUGOS","-","74,73"
"2006M09","Suderinti vartotojų kainų indeksai (2015 m. – 100)","ALKOHOLINIAI GĖRIMAI, TABAKAS IR NARKOTIKAI","-","56,84"
"2006M08","Suderinti vartotojų kainų indeksai (2015 m. – 100)","VARTOJIMO PREKĖS IR PASLAUGOS","-","74,83"
"2006M08","Suderinti vartotojų kainų indeksai (2015 m. – 100)","ALKOHOLINIAI GĖRIMAI, TABAKAS IR NARKOTIKAI","-","56,76"
"2006M07","Suderinti vartotojų kainų indeksai (2015 m. – 100)","VARTOJIMO PREKĖS IR PASLAUGOS","-","74,88"
"2006M07","Suderinti vartotojų kainų indeksai (2015 m. – 100)","ALKOHOLINIAI GĖRIMAI, TABAKAS IR NARKOTIKAI","-","56,38"
"2006M06","Suderinti vartotojų kainų indeksai (2015 m. – 100)","VARTOJIMO PREKĖS IR PASLAUGOS","-","74,50"
"2006M06","Suderinti vartotojų kainų indeksai (2015 m. – 100)","ALKOHOLINIAI GĖRIMAI, TABAKAS IR NARKOTIKAI","-","56,01"
"2006M05","Suderinti vartotojų kainų indeksai (2015 m. – 100)","VARTOJIMO PREKĖS IR PASLAUGOS","-","74,31"
"2006M05","Suderinti vartotojų kainų indeksai (2015 m. – 100)","ALKOHOLINIAI GĖRIMAI, TABAKAS IR NARKOTIKAI","-","55,97"
"2006M04","Suderinti vartotojų kainų indeksai (2015 m. – 100)","VARTOJIMO PREKĖS IR PASLAUGOS","-","73,99"
"2006M04","Suderinti vartotojų kainų indeksai (2015 m. – 100)","ALKOHOLINIAI GĖRIMAI, TABAKAS IR NARKOTIKAI","-","55,78"
"2006M03","Suderinti vartotojų kainų indeksai (2015 m. – 100)","VARTOJIMO PREKĖS IR PASLAUGOS","-","73,48"
"2006M03","Suderinti vartotojų kainų indeksai (2015 m. – 100)","ALKOHOLINIAI GĖRIMAI, TABAKAS IR NARKOTIKAI","-","56,14"
"2006M02","Suderinti vartotojų kainų indeksai (2015 m. – 100)","VARTOJIMO PREKĖS IR PASLAUGOS","-","73,33"
"2006M02","Suderinti vartotojų kainų indeksai (2015 m. – 100)","ALKOHOLINIAI GĖRIMAI, TABAKAS IR NARKOTIKAI","-","56,23"
"2006M01","Suderinti vartotojų kainų indeksai (2015 m. – 100)","VARTOJIMO PREKĖS IR PASLAUGOS","-","73,29"
"2006M01","Suderinti vartotojų kainų indeksai (2015 m. – 100)","ALKOHOLINIAI GĖRIMAI, TABAKAS IR NARKOTIKAI","-","56,48"
"2005M12","Suderinti vartotojų kainų indeksai (2015 m. – 100)","VARTOJIMO PREKĖS IR PASLAUGOS","-","72,92"
"2005M12","Suderinti vartotojų kainų indeksai (2015 m. – 100)","ALKOHOLINIAI GĖRIMAI, TABAKAS IR NARKOTIKAI","-","56,48"
"2005M11","Suderinti vartotojų kainų indeksai (2015 m. – 100)","VARTOJIMO PREKĖS IR PASLAUGOS","-","72,87"
"2005M11","Suderinti vartotojų kainų indeksai (2015 m. – 100)","ALKOHOLINIAI GĖRIMAI, TABAKAS IR NARKOTIKAI","-","56,64"
"2005M10","Suderinti vartotojų kainų indeksai (2015 m. – 100)","VARTOJIMO PREKĖS IR PASLAUGOS","-","72,84"
"2005M10","Suderinti vartotojų kainų indeksai (2015 m. – 100)","ALKOHOLINIAI GĖRIMAI, TABAKAS IR NARKOTIKAI","-","56,64"
"2005M09","Suderinti vartotojų kainų indeksai (2015 m. – 100)","VARTOJIMO PREKĖS IR PASLAUGOS","-","72,37"
"2005M09","Suderinti vartotojų kainų indeksai (2015 m. – 100)","ALKOHOLINIAI GĖRIMAI, TABAKAS IR NARKOTIKAI","-","56,65"
"2005M08","Suderinti vartotojų kainų indeksai (2015 m. – 100)","VARTOJIMO PREKĖS IR PASLAUGOS","-","71,80"
"2005M08","Suderinti vartotojų kainų indeksai (2015 m. – 100)","ALKOHOLINIAI GĖRIMAI, TABAKAS IR NARKOTIKAI","-","56,69"
"2005M07","Suderinti vartotojų kainų indeksai (2015 m. – 100)","VARTOJIMO PREKĖS IR PASLAUGOS","-","71,74"
"2005M07","Suderinti vartotojų kainų indeksai (2015 m. – 100)","ALKOHOLINIAI GĖRIMAI, TABAKAS IR NARKOTIKAI","-","56,65"
"2005M06","Suderinti vartotojų kainų indeksai (2015 m. – 100)","VARTOJIMO PREKĖS IR PASLAUGOS","-","71,84"
"2005M06","Suderinti vartotojų kainų indeksai (2015 m. – 100)","ALKOHOLINIAI GĖRIMAI, TABAKAS IR NARKOTIKAI","-","56,69"
"2005M05","Suderinti vartotojų kainų indeksai (2015 m. – 100)","VARTOJIMO PREKĖS IR PASLAUGOS","-","71,73"
"2005M05","Suderinti vartotojų kainų indeksai (2015 m. – 100)","ALKOHOLINIAI GĖRIMAI, TABAKAS IR NARKOTIKAI","-","56,75"
"2005M04","Suderinti vartotojų kainų indeksai (2015 m. – 100)","VARTOJIMO PREKĖS IR PASLAUGOS","-","71,57"
"2005M04","Suderinti vartotojų kainų indeksai (2015 m. – 100)","ALKOHOLINIAI GĖRIMAI, TABAKAS IR NARKOTIKAI","-","56,84"
"2005M03","Suderinti vartotojų kainų indeksai (2015 m. – 100)","VARTOJIMO PREKĖS IR PASLAUGOS","-","71,32"
"2005M03","Suderinti vartotojų kainų indeksai (2015 m. – 100)","ALKOHOLINIAI GĖRIMAI, TABAKAS IR NARKOTIKAI","-","56,90"
"2005M02","Suderinti vartotojų kainų indeksai (2015 m. – 100)","VARTOJIMO PREKĖS IR PASLAUGOS","-","70,92"
"2005M02","Suderinti vartotojų kainų indeksai (2015 m. – 100)","ALKOHOLINIAI GĖRIMAI, TABAKAS IR NARKOTIKAI","-","57,04"
"2005M01","Suderinti vartotojų kainų indeksai (2015 m. – 100)","VARTOJIMO PREKĖS IR PASLAUGOS","-","70,80"
"2005M01","Suderinti vartotojų kainų indeksai (2015 m. – 100)","ALKOHOLINIAI GĖRIMAI, TABAKAS IR NARKOTIKAI","-","56,96"
"2004M12","Suderinti vartotojų kainų indeksai (2015 m. – 100)","VARTOJIMO PREKĖS IR PASLAUGOS","-","70,80"
"2004M12","Suderinti vartotojų kainų indeksai (2015 m. – 100)","ALKOHOLINIAI GĖRIMAI, TABAKAS IR NARKOTIKAI","-","56,91"
"2004M11","Suderinti vartotojų kainų indeksai (2015 m. – 100)","VARTOJIMO PREKĖS IR PASLAUGOS","-","70,84"
"2004M11","Suderinti vartotojų kainų indeksai (2015 m. – 100)","ALKOHOLINIAI GĖRIMAI, TABAKAS IR NARKOTIKAI","-","56,99"
"2004M10","Suderinti vartotojų kainų indeksai (2015 m. – 100)","VARTOJIMO PREKĖS IR PASLAUGOS","-","70,68"
"2004M10","Suderinti vartotojų kainų indeksai (2015 m. – 100)","ALKOHOLINIAI GĖRIMAI, TABAKAS IR NARKOTIKAI","-","57,04"
"2004M09","Suderinti vartotojų kainų indeksai (2015 m. – 100)","VARTOJIMO PREKĖS IR PASLAUGOS","-","70,58"
"2004M09","Suderinti vartotojų kainų indeksai (2015 m. – 100)","ALKOHOLINIAI GĖRIMAI, TABAKAS IR NARKOTIKAI","-","56,80"
"2004M08","Suderinti vartotojų kainų indeksai (2015 m. – 100)","VARTOJIMO PREKĖS IR PASLAUGOS","-","70,18"
"2004M08","Suderinti vartotojų kainų indeksai (2015 m. – 100)","ALKOHOLINIAI GĖRIMAI, TABAKAS IR NARKOTIKAI","-","56,62"
"2004M07","Suderinti vartotojų kainų indeksai (2015 m. – 100)","VARTOJIMO PREKĖS IR PASLAUGOS","-","70,43"
"2004M07","Suderinti vartotojų kainų indeksai (2015 m. – 100)","ALKOHOLINIAI GĖRIMAI, TABAKAS IR NARKOTIKAI","-","56,77"
"2004M06","Suderinti vartotojų kainų indeksai (2015 m. – 100)","VARTOJIMO PREKĖS IR PASLAUGOS","-","70,43"
"2004M06","Suderinti vartotojų kainų indeksai (2015 m. – 100)","ALKOHOLINIAI GĖRIMAI, TABAKAS IR NARKOTIKAI","-","56,90"
"2004M05","Suderinti vartotojų kainų indeksai (2015 m. – 100)","VARTOJIMO PREKĖS IR PASLAUGOS","-","70,38"
"2004M05","Suderinti vartotojų kainų indeksai (2015 m. – 100)","ALKOHOLINIAI GĖRIMAI, TABAKAS IR NARKOTIKAI","-","56,95"
"2004M04","Suderinti vartotojų kainų indeksai (2015 m. – 100)","VARTOJIMO PREKĖS IR PASLAUGOS","-","69,33"
"2004M04","Suderinti vartotojų kainų indeksai (2015 m. – 100)","ALKOHOLINIAI GĖRIMAI, TABAKAS IR NARKOTIKAI","-","56,77"
"2004M03","Suderinti vartotojų kainų indeksai (2015 m. – 100)","VARTOJIMO PREKĖS IR PASLAUGOS","-","69,07"
"2004M03","Suderinti vartotojų kainų indeksai (2015 m. – 100)","ALKOHOLINIAI GĖRIMAI, TABAKAS IR NARKOTIKAI","-","56,72"
"2004M02","Suderinti vartotojų kainų indeksai (2015 m. – 100)","VARTOJIMO PREKĖS IR PASLAUGOS","-","68,71"
"2004M02","Suderinti vartotojų kainų indeksai (2015 m. – 100)","ALKOHOLINIAI GĖRIMAI, TABAKAS IR NARKOTIKAI","-","55,74"
"2004M01","Suderinti vartotojų kainų indeksai (2015 m. – 100)","VARTOJIMO PREKĖS IR PASLAUGOS","-","68,84"
"2004M01","Suderinti vartotojų kainų indeksai (2015 m. – 100)","ALKOHOLINIAI GĖRIMAI, TABAKAS IR NARKOTIKAI","-","56,19"
"2003M12","Suderinti vartotojų kainų indeksai (2015 m. – 100)","VARTOJIMO PREKĖS IR PASLAUGOS","-","68,84"
"2003M12","Suderinti vartotojų kainų indeksai (2015 m. – 100)","ALKOHOLINIAI GĖRIMAI, TABAKAS IR NARKOTIKAI","-","55,91"
"2003M11","Suderinti vartotojų kainų indeksai (2015 m. – 100)","VARTOJIMO PREKĖS IR PASLAUGOS","-","68,85"
"2003M11","Suderinti vartotojų kainų indeksai (2015 m. – 100)","ALKOHOLINIAI GĖRIMAI, TABAKAS IR NARKOTIKAI","-","55,84"
"2003M10","Suderinti vartotojų kainų indeksai (2015 m. – 100)","VARTOJIMO PREKĖS IR PASLAUGOS","-","68,56"
"2003M10","Suderinti vartotojų kainų indeksai (2015 m. – 100)","ALKOHOLINIAI GĖRIMAI, TABAKAS IR NARKOTIKAI","-","55,65"
"2003M09","Suderinti vartotojų kainų indeksai (2015 m. – 100)","VARTOJIMO PREKĖS IR PASLAUGOS","-","68,46"
"2003M09","Suderinti vartotojų kainų indeksai (2015 m. – 100)","ALKOHOLINIAI GĖRIMAI, TABAKAS IR NARKOTIKAI","-","55,57"
"2003M08","Suderinti vartotojų kainų indeksai (2015 m. – 100)","VARTOJIMO PREKĖS IR PASLAUGOS","-","68,70"
"2003M08","Suderinti vartotojų kainų indeksai (2015 m. – 100)","ALKOHOLINIAI GĖRIMAI, TABAKAS IR NARKOTIKAI","-","55,51"
"2003M07","Suderinti vartotojų kainų indeksai (2015 m. – 100)","VARTOJIMO PREKĖS IR PASLAUGOS","-","69,19"
"2003M07","Suderinti vartotojų kainų indeksai (2015 m. – 100)","ALKOHOLINIAI GĖRIMAI, TABAKAS IR NARKOTIKAI","-","55,42"
"2003M06","Suderinti vartotojų kainų indeksai (2015 m. – 100)","VARTOJIMO PREKĖS IR PASLAUGOS","-","69,72"
"2003M06","Suderinti vartotojų kainų indeksai (2015 m. – 100)","ALKOHOLINIAI GĖRIMAI, TABAKAS IR NARKOTIKAI","-","55,29"
"2003M05","Suderinti vartotojų kainų indeksai (2015 m. – 100)","VARTOJIMO PREKĖS IR PASLAUGOS","-","69,66"
"2003M05","Suderinti vartotojų kainų indeksai (2015 m. – 100)","ALKOHOLINIAI GĖRIMAI, TABAKAS IR NARKOTIKAI","-","55,08"
"2003M04","Suderinti vartotojų kainų indeksai (2015 m. – 100)","VARTOJIMO PREKĖS IR PASLAUGOS","-","69,76"
"2003M04","Suderinti vartotojų kainų indeksai (2015 m. – 100)","ALKOHOLINIAI GĖRIMAI, TABAKAS IR NARKOTIKAI","-","54,40"
"2003M03","Suderinti vartotojų kainų indeksai (2015 m. – 100)","VARTOJIMO PREKĖS IR PASLAUGOS","-","69,71"
"2003M03","Suderinti vartotojų kainų indeksai (2015 m. – 100)","ALKOHOLINIAI GĖRIMAI, TABAKAS IR NARKOTIKAI","-","54,09"
"2003M02","Suderinti vartotojų kainų indeksai (2015 m. – 100)","VARTOJIMO PREKĖS IR PASLAUGOS","-","69,53"
"2003M02","Suderinti vartotojų kainų indeksai (2015 m. – 100)","ALKOHOLINIAI GĖRIMAI, TABAKAS IR NARKOTIKAI","-","53,96"
"2003M01","Suderinti vartotojų kainų indeksai (2015 m. – 100)","VARTOJIMO PREKĖS IR PASLAUGOS","-","69,70"
"2003M01","Suderinti vartotojų kainų indeksai (2015 m. – 100)","ALKOHOLINIAI GĖRIMAI, TABAKAS IR NARKOTIKAI","-","53,64"
"2002M12","Suderinti vartotojų kainų indeksai (2015 m. – 100)","VARTOJIMO PREKĖS IR PASLAUGOS","-","69,75"
"2002M12","Suderinti vartotojų kainų indeksai (2015 m. – 100)","ALKOHOLINIAI GĖRIMAI, TABAKAS IR NARKOTIKAI","-","53,87"
"2002M11","Suderinti vartotojų kainų indeksai (2015 m. – 100)","VARTOJIMO PREKĖS IR PASLAUGOS","-","69,52"
"2002M11","Suderinti vartotojų kainų indeksai (2015 m. – 100)","ALKOHOLINIAI GĖRIMAI, TABAKAS IR NARKOTIKAI","-","53,82"
"2002M10","Suderinti vartotojų kainų indeksai (2015 m. – 100)","VARTOJIMO PREKĖS IR PASLAUGOS","-","69,46"
"2002M10","Suderinti vartotojų kainų indeksai (2015 m. – 100)","ALKOHOLINIAI GĖRIMAI, TABAKAS IR NARKOTIKAI","-","53,72"
"2002M09","Suderinti vartotojų kainų indeksai (2015 m. – 100)","VARTOJIMO PREKĖS IR PASLAUGOS","-","69,01"
"2002M09","Suderinti vartotojų kainų indeksai (2015 m. – 100)","ALKOHOLINIAI GĖRIMAI, TABAKAS IR NARKOTIKAI","-","53,24"
"2002M08","Suderinti vartotojų kainų indeksai (2015 m. – 100)","VARTOJIMO PREKĖS IR PASLAUGOS","-","69,37"
"2002M08","Suderinti vartotojų kainų indeksai (2015 m. – 100)","ALKOHOLINIAI GĖRIMAI, TABAKAS IR NARKOTIKAI","-","53,12"
"2002M07","Suderinti vartotojų kainų indeksai (2015 m. – 100)","VARTOJIMO PREKĖS IR PASLAUGOS","-","69,76"
"2002M07","Suderinti vartotojų kainų indeksai (2015 m. – 100)","ALKOHOLINIAI GĖRIMAI, TABAKAS IR NARKOTIKAI","-","53,25"
"2002M06","Suderinti vartotojų kainų indeksai (2015 m. – 100)","VARTOJIMO PREKĖS IR PASLAUGOS","-","69,95"
"2002M06","Suderinti vartotojų kainų indeksai (2015 m. – 100)","ALKOHOLINIAI GĖRIMAI, TABAKAS IR NARKOTIKAI","-","53,32"
"2002M05","Suderinti vartotojų kainų indeksai (2015 m. – 100)","VARTOJIMO PREKĖS IR PASLAUGOS","-","70,18"
"2002M05","Suderinti vartotojų kainų indeksai (2015 m. – 100)","ALKOHOLINIAI GĖRIMAI, TABAKAS IR NARKOTIKAI","-","53,31"
"2002M04","Suderinti vartotojų kainų indeksai (2015 m. – 100)","VARTOJIMO PREKĖS IR PASLAUGOS","-","70,40"
"2002M04","Suderinti vartotojų kainų indeksai (2015 m. – 100)","ALKOHOLINIAI GĖRIMAI, TABAKAS IR NARKOTIKAI","-","53,06"
"2002M03","Suderinti vartotojų kainų indeksai (2015 m. – 100)","VARTOJIMO PREKĖS IR PASLAUGOS","-","70,45"
"2002M03","Suderinti vartotojų kainų indeksai (2015 m. – 100)","ALKOHOLINIAI GĖRIMAI, TABAKAS IR NARKOTIKAI","-","52,68"
"2002M02","Suderinti vartotojų kainų indeksai (2015 m. – 100)","VARTOJIMO PREKĖS IR PASLAUGOS","-","70,87"
"2002M02","Suderinti vartotojų kainų indeksai (2015 m. – 100)","ALKOHOLINIAI GĖRIMAI, TABAKAS IR NARKOTIKAI","-","52,81"
"2002M01","Suderinti vartotojų kainų indeksai (2015 m. – 100)","VARTOJIMO PREKĖS IR PASLAUGOS","-","71,00"
"2002M01","Suderinti vartotojų kainų indeksai (2015 m. – 100)","ALKOHOLINIAI GĖRIMAI, TABAKAS IR NARKOTIKAI","-","52,81"
"2001M12","Suderinti vartotojų kainų indeksai (2015 m. – 100)","VARTOJIMO PREKĖS IR PASLAUGOS","-","70,38"
"2001M12","Suderinti vartotojų kainų indeksai (2015 m. – 100)","ALKOHOLINIAI GĖRIMAI, TABAKAS IR NARKOTIKAI","-","52,83"
"2001M11","Suderinti vartotojų kainų indeksai (2015 m. – 100)","VARTOJIMO PREKĖS IR PASLAUGOS","-","70,14"
"2001M11","Suderinti vartotojų kainų indeksai (2015 m. – 100)","ALKOHOLINIAI GĖRIMAI, TABAKAS IR NARKOTIKAI","-","52,93"
"2001M10","Suderinti vartotojų kainų indeksai (2015 m. – 100)","VARTOJIMO PREKĖS IR PASLAUGOS","-","70,17"
"2001M10","Suderinti vartotojų kainų indeksai (2015 m. – 100)","ALKOHOLINIAI GĖRIMAI, TABAKAS IR NARKOTIKAI","-","52,89"
"2001M09","Suderinti vartotojų kainų indeksai (2015 m. – 100)","VARTOJIMO PREKĖS IR PASLAUGOS","-","69,96"
"2001M09","Suderinti vartotojų kainų indeksai (2015 m. – 100)","ALKOHOLINIAI GĖRIMAI, TABAKAS IR NARKOTIKAI","-","52,86"
"2001M08","Suderinti vartotojų kainų indeksai (2015 m. – 100)","VARTOJIMO PREKĖS IR PASLAUGOS","-","70,09"
"2001M08","Suderinti vartotojų kainų indeksai (2015 m. – 100)","ALKOHOLINIAI GĖRIMAI, TABAKAS IR NARKOTIKAI","-","52,85"
"2001M07","Suderinti vartotojų kainų indeksai (2015 m. – 100)","VARTOJIMO PREKĖS IR PASLAUGOS","-","69,66"
"2001M07","Suderinti vartotojų kainų indeksai (2015 m. – 100)","ALKOHOLINIAI GĖRIMAI, TABAKAS IR NARKOTIKAI","-","52,64"
"2001M06","Suderinti vartotojų kainų indeksai (2015 m. – 100)","VARTOJIMO PREKĖS IR PASLAUGOS","-","70,22"
"2001M06","Suderinti vartotojų kainų indeksai (2015 m. – 100)","ALKOHOLINIAI GĖRIMAI, TABAKAS IR NARKOTIKAI","-","52,58"
"2001M05","Suderinti vartotojų kainų indeksai (2015 m. – 100)","VARTOJIMO PREKĖS IR PASLAUGOS","-","69,83"
"2001M05","Suderinti vartotojų kainų indeksai (2015 m. – 100)","ALKOHOLINIAI GĖRIMAI, TABAKAS IR NARKOTIKAI","-","51,98"
"2001M04","Suderinti vartotojų kainų indeksai (2015 m. – 100)","VARTOJIMO PREKĖS IR PASLAUGOS","-","69,43"
"2001M04","Suderinti vartotojų kainų indeksai (2015 m. – 100)","ALKOHOLINIAI GĖRIMAI, TABAKAS IR NARKOTIKAI","-","52,08"
"2001M03","Suderinti vartotojų kainų indeksai (2015 m. – 100)","VARTOJIMO PREKĖS IR PASLAUGOS","-","69,30"
"2001M03","Suderinti vartotojų kainų indeksai (2015 m. – 100)","ALKOHOLINIAI GĖRIMAI, TABAKAS IR NARKOTIKAI","-","51,98"
"2001M02","Suderinti vartotojų kainų indeksai (2015 m. – 100)","VARTOJIMO PREKĖS IR PASLAUGOS","-","68,92"
"2001M02","Suderinti vartotojų kainų indeksai (2015 m. – 100)","ALKOHOLINIAI GĖRIMAI, TABAKAS IR NARKOTIKAI","-","51,87"
"2001M01","Suderinti vartotojų kainų indeksai (2015 m. – 100)","VARTOJIMO PREKĖS IR PASLAUGOS","-","68,81"
"2001M01","Suderinti vartotojų kainų indeksai (2015 m. – 100)","ALKOHOLINIAI GĖRIMAI, TABAKAS IR NARKOTIKAI","-","52,04"
"2000M12","Suderinti vartotojų kainų indeksai (2015 m. – 100)","VARTOJIMO PREKĖS IR PASLAUGOS","-","68,98"
"2000M12","Suderinti vartotojų kainų indeksai (2015 m. – 100)","ALKOHOLINIAI GĖRIMAI, TABAKAS IR NARKOTIKAI","-","52,23"
"2000M11","Suderinti vartotojų kainų indeksai (2015 m. – 100)","VARTOJIMO PREKĖS IR PASLAUGOS","-","68,79"
"2000M11","Suderinti vartotojų kainų indeksai (2015 m. – 100)","ALKOHOLINIAI GĖRIMAI, TABAKAS IR NARKOTIKAI","-","52,36"
"2000M10","Suderinti vartotojų kainų indeksai (2015 m. – 100)","VARTOJIMO PREKĖS IR PASLAUGOS","-","68,52"
"2000M10","Suderinti vartotojų kainų indeksai (2015 m. – 100)","ALKOHOLINIAI GĖRIMAI, TABAKAS IR NARKOTIKAI","-","52,36"
"2000M09","Suderinti vartotojų kainų indeksai (2015 m. – 100)","VARTOJIMO PREKĖS IR PASLAUGOS","-","68,37"
"2000M09","Suderinti vartotojų kainų indeksai (2015 m. – 100)","ALKOHOLINIAI GĖRIMAI, TABAKAS IR NARKOTIKAI","-","52,39"
"2000M08","Suderinti vartotojų kainų indeksai (2015 m. – 100)","VARTOJIMO PREKĖS IR PASLAUGOS","-","68,27"
"2000M08","Suderinti vartotojų kainų indeksai (2015 m. – 100)","ALKOHOLINIAI GĖRIMAI, TABAKAS IR NARKOTIKAI","-","52,54"
"2000M07","Suderinti vartotojų kainų indeksai (2015 m. – 100)","VARTOJIMO PREKĖS IR PASLAUGOS","-","68,66"
"2000M07","Suderinti vartotojų kainų indeksai (2015 m. – 100)","ALKOHOLINIAI GĖRIMAI, TABAKAS IR NARKOTIKAI","-","52,65"
"2000M06","Suderinti vartotojų kainų indeksai (2015 m. – 100)","VARTOJIMO PREKĖS IR PASLAUGOS","-","68,87"
"2000M06","Suderinti vartotojų kainų indeksai (2015 m. – 100)","ALKOHOLINIAI GĖRIMAI, TABAKAS IR NARKOTIKAI","-","52,81"
"2000M05","Suderinti vartotojų kainų indeksai (2015 m. – 100)","VARTOJIMO PREKĖS IR PASLAUGOS","-","68,45"
"2000M05","Suderinti vartotojų kainų indeksai (2015 m. – 100)","ALKOHOLINIAI GĖRIMAI, TABAKAS IR NARKOTIKAI","-","52,95"
"2000M04","Suderinti vartotojų kainų indeksai (2015 m. – 100)","VARTOJIMO PREKĖS IR PASLAUGOS","-","68,73"
"2000M04","Suderinti vartotojų kainų indeksai (2015 m. – 100)","ALKOHOLINIAI GĖRIMAI, TABAKAS IR NARKOTIKAI","-","52,89"
"2000M03","Suderinti vartotojų kainų indeksai (2015 m. – 100)","VARTOJIMO PREKĖS IR PASLAUGOS","-","68,74"
"2000M03","Suderinti vartotojų kainų indeksai (2015 m. – 100)","ALKOHOLINIAI GĖRIMAI, TABAKAS IR NARKOTIKAI","-","53,04"
"2000M02","Suderinti vartotojų kainų indeksai (2015 m. – 100)","VARTOJIMO PREKĖS IR PASLAUGOS","-","68,89"
"2000M02","Suderinti vartotojų kainų indeksai (2015 m. – 100)","ALKOHOLINIAI GĖRIMAI, TABAKAS IR NARKOTIKAI","-","53,02"
"2000M01","Suderinti vartotojų kainų indeksai (2015 m. – 100)","VARTOJIMO PREKĖS IR PASLAUGOS","-","68,87"
"2000M01","Suderinti vartotojų kainų indeksai (2015 m. – 100)","ALKOHOLINIAI GĖRIMAI, TABAKAS IR NARKOTIKAI","-","53,27"
"1999M12","Suderinti vartotojų kainų indeksai (2015 m. – 100)","VARTOJIMO PREKĖS IR PASLAUGOS","-","67,85"
"1999M12","Suderinti vartotojų kainų indeksai (2015 m. – 100)","ALKOHOLINIAI GĖRIMAI, TABAKAS IR NARKOTIKAI","-","53,27"
"1999M11","Suderinti vartotojų kainų indeksai (2015 m. – 100)","VARTOJIMO PREKĖS IR PASLAUGOS","-","67,67"
"1999M11","Suderinti vartotojų kainų indeksai (2015 m. – 100)","ALKOHOLINIAI GĖRIMAI, TABAKAS IR NARKOTIKAI","-","53,48"
"1999M10","Suderinti vartotojų kainų indeksai (2015 m. – 100)","VARTOJIMO PREKĖS IR PASLAUGOS","-","67,63"
"1999M10","Suderinti vartotojų kainų indeksai (2015 m. – 100)","ALKOHOLINIAI GĖRIMAI, TABAKAS IR NARKOTIKAI","-","53,74"
"1999M09","Suderinti vartotojų kainų indeksai (2015 m. – 100)","VARTOJIMO PREKĖS IR PASLAUGOS","-","68,04"
"1999M09","Suderinti vartotojų kainų indeksai (2015 m. – 100)","ALKOHOLINIAI GĖRIMAI, TABAKAS IR NARKOTIKAI","-","59,91"
"1999M08","Suderinti vartotojų kainų indeksai (2015 m. – 100)","VARTOJIMO PREKĖS IR PASLAUGOS","-","67,57"
"1999M08","Suderinti vartotojų kainų indeksai (2015 m. – 100)","ALKOHOLINIAI GĖRIMAI, TABAKAS IR NARKOTIKAI","-","60,03"
"1999M07","Suderinti vartotojų kainų indeksai (2015 m. – 100)","VARTOJIMO PREKĖS IR PASLAUGOS","-","67,69"
"1999M07","Suderinti vartotojų kainų indeksai (2015 m. – 100)","ALKOHOLINIAI GĖRIMAI, TABAKAS IR NARKOTIKAI","-","60,07"
"1999M06","Suderinti vartotojų kainų indeksai (2015 m. – 100)","VARTOJIMO PREKĖS IR PASLAUGOS","-","67,98"
"1999M06","Suderinti vartotojų kainų indeksai (2015 m. – 100)","ALKOHOLINIAI GĖRIMAI, TABAKAS IR NARKOTIKAI","-","60,12"
"1999M05","Suderinti vartotojų kainų indeksai (2015 m. – 100)","VARTOJIMO PREKĖS IR PASLAUGOS","-","68,08"
"1999M05","Suderinti vartotojų kainų indeksai (2015 m. – 100)","ALKOHOLINIAI GĖRIMAI, TABAKAS IR NARKOTIKAI","-","60,04"
"1999M04","Suderinti vartotojų kainų indeksai (2015 m. – 100)","VARTOJIMO PREKĖS IR PASLAUGOS","-","68,12"
"1999M04","Suderinti vartotojų kainų indeksai (2015 m. – 100)","ALKOHOLINIAI GĖRIMAI, TABAKAS IR NARKOTIKAI","-","60,11"
"1999M03","Suderinti vartotojų kainų indeksai (2015 m. – 100)","VARTOJIMO PREKĖS IR PASLAUGOS","-","68,08"
"1999M03","Suderinti vartotojų kainų indeksai (2015 m. – 100)","ALKOHOLINIAI GĖRIMAI, TABAKAS IR NARKOTIKAI","-","60,20"
"1999M02","Suderinti vartotojų kainų indeksai (2015 m. – 100)","VARTOJIMO PREKĖS IR PASLAUGOS","-","68,25"
"1999M02","Suderinti vartotojų kainų indeksai (2015 m. – 100)","ALKOHOLINIAI GĖRIMAI, TABAKAS IR NARKOTIKAI","-","60,19"
"1999M01","Suderinti vartotojų kainų indeksai (2015 m. – 100)","VARTOJIMO PREKĖS IR PASLAUGOS","-","68,26"
"1999M01","Suderinti vartotojų kainų indeksai (2015 m. – 100)","ALKOHOLINIAI GĖRIMAI, TABAKAS IR NARKOTIKAI","-","60,00"
"1998M12","Suderinti vartotojų kainų indeksai (2015 m. – 100)","VARTOJIMO PREKĖS IR PASLAUGOS","-","67,59"
"1998M12","Suderinti vartotojų kainų indeksai (2015 m. – 100)","ALKOHOLINIAI GĖRIMAI, TABAKAS IR NARKOTIKAI","-","58,97"
"1998M11","Suderinti vartotojų kainų indeksai (2015 m. – 100)","VARTOJIMO PREKĖS IR PASLAUGOS","-","67,56"
"1998M11","Suderinti vartotojų kainų indeksai (2015 m. – 100)","ALKOHOLINIAI GĖRIMAI, TABAKAS IR NARKOTIKAI","-","58,98"
"1998M10","Suderinti vartotojų kainų indeksai (2015 m. – 100)","VARTOJIMO PREKĖS IR PASLAUGOS","-","67,40"
"1998M10","Suderinti vartotojų kainų indeksai (2015 m. – 100)","ALKOHOLINIAI GĖRIMAI, TABAKAS IR NARKOTIKAI","-","59,00"
"1998M09","Suderinti vartotojų kainų indeksai (2015 m. – 100)","VARTOJIMO PREKĖS IR PASLAUGOS","-","66,78"
"1998M09","Suderinti vartotojų kainų indeksai (2015 m. – 100)","ALKOHOLINIAI GĖRIMAI, TABAKAS IR NARKOTIKAI","-","59,02"
"1998M08","Suderinti vartotojų kainų indeksai (2015 m. – 100)","VARTOJIMO PREKĖS IR PASLAUGOS","-","66,89"
"1998M08","Suderinti vartotojų kainų indeksai (2015 m. – 100)","ALKOHOLINIAI GĖRIMAI, TABAKAS IR NARKOTIKAI","-","59,03"
"1998M07","Suderinti vartotojų kainų indeksai (2015 m. – 100)","VARTOJIMO PREKĖS IR PASLAUGOS","-","67,13"
"1998M07","Suderinti vartotojų kainų indeksai (2015 m. – 100)","ALKOHOLINIAI GĖRIMAI, TABAKAS IR NARKOTIKAI","-","58,92"
"1998M06","Suderinti vartotojų kainų indeksai (2015 m. – 100)","VARTOJIMO PREKĖS IR PASLAUGOS","-","66,80"
"1998M06","Suderinti vartotojų kainų indeksai (2015 m. – 100)","ALKOHOLINIAI GĖRIMAI, TABAKAS IR NARKOTIKAI","-","58,75"
"1998M05","Suderinti vartotojų kainų indeksai (2015 m. – 100)","VARTOJIMO PREKĖS IR PASLAUGOS","-","67,34"
"1998M05","Suderinti vartotojų kainų indeksai (2015 m. – 100)","ALKOHOLINIAI GĖRIMAI, TABAKAS IR NARKOTIKAI","-","58,14"
"1998M04","Suderinti vartotojų kainų indeksai (2015 m. – 100)","VARTOJIMO PREKĖS IR PASLAUGOS","-","66,91"
"1998M04","Suderinti vartotojų kainų indeksai (2015 m. – 100)","ALKOHOLINIAI GĖRIMAI, TABAKAS IR NARKOTIKAI","-","55,21"
"1998M03","Suderinti vartotojų kainų indeksai (2015 m. – 100)","VARTOJIMO PREKĖS IR PASLAUGOS","-","66,62"
"1998M03","Suderinti vartotojų kainų indeksai (2015 m. – 100)","ALKOHOLINIAI GĖRIMAI, TABAKAS IR NARKOTIKAI","-","52,46"
"1998M02","Suderinti vartotojų kainų indeksai (2015 m. – 100)","VARTOJIMO PREKĖS IR PASLAUGOS","-","66,41"
"1998M02","Suderinti vartotojų kainų indeksai (2015 m. – 100)","ALKOHOLINIAI GĖRIMAI, TABAKAS IR NARKOTIKAI","-","52,32"
"1998M01","Suderinti vartotojų kainų indeksai (2015 m. – 100)","VARTOJIMO PREKĖS IR PASLAUGOS","-","66,19"
"1998M01","Suderinti vartotojų kainų indeksai (2015 m. – 100)","ALKOHOLINIAI GĖRIMAI, TABAKAS IR NARKOTIKAI","-","52,08"
"1997M12","Suderinti vartotojų kainų indeksai (2015 m. – 100)","VARTOJIMO PREKĖS IR PASLAUGOS","-","65,57"
"1997M12","Suderinti vartotojų kainų indeksai (2015 m. – 100)","ALKOHOLINIAI GĖRIMAI, TABAKAS IR NARKOTIKAI","-","51,65"
"1997M11","Suderinti vartotojų kainų indeksai (2015 m. – 100)","VARTOJIMO PREKĖS IR PASLAUGOS","-","65,30"
"1997M11","Suderinti vartotojų kainų indeksai (2015 m. – 100)","ALKOHOLINIAI GĖRIMAI, TABAKAS IR NARKOTIKAI","-","51,52"
"1997M10","Suderinti vartotojų kainų indeksai (2015 m. – 100)","VARTOJIMO PREKĖS IR PASLAUGOS","-","64,39"
"1997M10","Suderinti vartotojų kainų indeksai (2015 m. – 100)","ALKOHOLINIAI GĖRIMAI, TABAKAS IR NARKOTIKAI","-","50,99"
"1997M09","Suderinti vartotojų kainų indeksai (2015 m. – 100)","VARTOJIMO PREKĖS IR PASLAUGOS","-","64,04"
"1997M09","Suderinti vartotojų kainų indeksai (2015 m. – 100)","ALKOHOLINIAI GĖRIMAI, TABAKAS IR NARKOTIKAI","-","50,99"
"1997M08","Suderinti vartotojų kainų indeksai (2015 m. – 100)","VARTOJIMO PREKĖS IR PASLAUGOS","-","63,98"
"1997M08","Suderinti vartotojų kainų indeksai (2015 m. – 100)","ALKOHOLINIAI GĖRIMAI, TABAKAS IR NARKOTIKAI","-","50,79"
"1997M07","Suderinti vartotojų kainų indeksai (2015 m. – 100)","VARTOJIMO PREKĖS IR PASLAUGOS","-","63,79"
"1997M07","Suderinti vartotojų kainų indeksai (2015 m. – 100)","ALKOHOLINIAI GĖRIMAI, TABAKAS IR NARKOTIKAI","-","50,44"
"1997M06","Suderinti vartotojų kainų indeksai (2015 m. – 100)","VARTOJIMO PREKĖS IR PASLAUGOS","-","63,02"
"1997M06","Suderinti vartotojų kainų indeksai (2015 m. – 100)","ALKOHOLINIAI GĖRIMAI, TABAKAS IR NARKOTIKAI","-","50,34"
"1997M05","Suderinti vartotojų kainų indeksai (2015 m. – 100)","VARTOJIMO PREKĖS IR PASLAUGOS","-","62,98"
"1997M05","Suderinti vartotojų kainų indeksai (2015 m. – 100)","ALKOHOLINIAI GĖRIMAI, TABAKAS IR NARKOTIKAI","-","49,87"
"1997M04","Suderinti vartotojų kainų indeksai (2015 m. – 100)","VARTOJIMO PREKĖS IR PASLAUGOS","-","62,59"
"1997M04","Suderinti vartotojų kainų indeksai (2015 m. – 100)","ALKOHOLINIAI GĖRIMAI, TABAKAS IR NARKOTIKAI","-","46,43"
"1997M03","Suderinti vartotojų kainų indeksai (2015 m. – 100)","VARTOJIMO PREKĖS IR PASLAUGOS","-","62,42"
"1997M03","Suderinti vartotojų kainų indeksai (2015 m. – 100)","ALKOHOLINIAI GĖRIMAI, TABAKAS IR NARKOTIKAI","-","44,27"
"1997M02","Suderinti vartotojų kainų indeksai (2015 m. – 100)","VARTOJIMO PREKĖS IR PASLAUGOS","-","62,46"
"1997M02","Suderinti vartotojų kainų indeksai (2015 m. – 100)","ALKOHOLINIAI GĖRIMAI, TABAKAS IR NARKOTIKAI","-","44,16"
"1997M01","Suderinti vartotojų kainų indeksai (2015 m. – 100)","VARTOJIMO PREKĖS IR PASLAUGOS","-","62,13"
"1997M01","Suderinti vartotojų kainų indeksai (2015 m. – 100)","ALKOHOLINIAI GĖRIMAI, TABAKAS IR NARKOTIKAI","-","44,05"
"1996M12","Suderinti vartotojų kainų indeksai (2015 m. – 100)","VARTOJIMO PREKĖS IR PASLAUGOS","-","60,41"
"1996M12","Suderinti vartotojų kainų indeksai (2015 m. – 100)","ALKOHOLINIAI GĖRIMAI, TABAKAS IR NARKOTIKAI","-","43,90"
"1996M11","Suderinti vartotojų kainų indeksai (2015 m. – 100)","VARTOJIMO PREKĖS IR PASLAUGOS","-","59,82"
"1996M11","Suderinti vartotojų kainų indeksai (2015 m. – 100)","ALKOHOLINIAI GĖRIMAI, TABAKAS IR NARKOTIKAI","-","43,80"
"1996M10","Suderinti vartotojų kainų indeksai (2015 m. – 100)","VARTOJIMO PREKĖS IR PASLAUGOS","-","58,85"
"1996M10","Suderinti vartotojų kainų indeksai (2015 m. – 100)","ALKOHOLINIAI GĖRIMAI, TABAKAS IR NARKOTIKAI","-","43,69"
"1996M09","Suderinti vartotojų kainų indeksai (2015 m. – 100)","VARTOJIMO PREKĖS IR PASLAUGOS","-","58,51"
"1996M09","Suderinti vartotojų kainų indeksai (2015 m. – 100)","ALKOHOLINIAI GĖRIMAI, TABAKAS IR NARKOTIKAI","-","43,81"
"1996M08","Suderinti vartotojų kainų indeksai (2015 m. – 100)","VARTOJIMO PREKĖS IR PASLAUGOS","-","58,03"
"1996M08","Suderinti vartotojų kainų indeksai (2015 m. – 100)","ALKOHOLINIAI GĖRIMAI, TABAKAS IR NARKOTIKAI","-","43,66"
"1996M07","Suderinti vartotojų kainų indeksai (2015 m. – 100)","VARTOJIMO PREKĖS IR PASLAUGOS","-","57,94"
"1996M07","Suderinti vartotojų kainų indeksai (2015 m. – 100)","ALKOHOLINIAI GĖRIMAI, TABAKAS IR NARKOTIKAI","-","43,53"
"1996M06","Suderinti vartotojų kainų indeksai (2015 m. – 100)","VARTOJIMO PREKĖS IR PASLAUGOS","-","57,86"
"1996M06","Suderinti vartotojų kainų indeksai (2015 m. – 100)","ALKOHOLINIAI GĖRIMAI, TABAKAS IR NARKOTIKAI","-","43,37"
"1996M05","Suderinti vartotojų kainų indeksai (2015 m. – 100)","VARTOJIMO PREKĖS IR PASLAUGOS","-","57,43"
"1996M05","Suderinti vartotojų kainų indeksai (2015 m. – 100)","ALKOHOLINIAI GĖRIMAI, TABAKAS IR NARKOTIKAI","-","41,93"
"1996M04","Suderinti vartotojų kainų indeksai (2015 m. – 100)","VARTOJIMO PREKĖS IR PASLAUGOS","-","57,20"
"1996M04","Suderinti vartotojų kainų indeksai (2015 m. – 100)","ALKOHOLINIAI GĖRIMAI, TABAKAS IR NARKOTIKAI","-","41,78"
"1996M03","Suderinti vartotojų kainų indeksai (2015 m. – 100)","VARTOJIMO PREKĖS IR PASLAUGOS","-","56,37"
"1996M03","Suderinti vartotojų kainų indeksai (2015 m. – 100)","ALKOHOLINIAI GĖRIMAI, TABAKAS IR NARKOTIKAI","-","41,63"
"1996M02","Suderinti vartotojų kainų indeksai (2015 m. – 100)","VARTOJIMO PREKĖS IR PASLAUGOS","-","55,09"
"1996M02","Suderinti vartotojų kainų indeksai (2015 m. – 100)","ALKOHOLINIAI GĖRIMAI, TABAKAS IR NARKOTIKAI","-","41,35"
"1996M01","Suderinti vartotojų kainų indeksai (2015 m. – 100)","VARTOJIMO PREKĖS IR PASLAUGOS","-","53,84"
"1996M01","Suderinti vartotojų kainų indeksai (2015 m. – 100)","ALKOHOLINIAI GĖRIMAI, TABAKAS IR NARKOTIKAI","-","41,21"
