"Laikotarpis","Rodiklis","Ekonominės veiklos rūšis (EVRK 2 red.)","Išlyginimas","Lyginimas","Matavimo vienetai","Reikšmė"
"2018M01","Mažmeninės prekybos, variklinių transporto priemonių, maitinimo įmonių apyvartos (be PVM) indeksai to meto kainomis (2015 m. – 100)","Maisto, gėrimų ir tabako mažmeninė prekyba","pašalinus sezono ir darbo dienų skaičiaus įtaką","palyginti su 2015 m.","proc.","114,1"
"2017M12","Mažmeninės prekybos, variklinių transporto priemonių, maitinimo įmonių apyvartos (be PVM) indeksai to meto kainomis (2015 m. – 100)","Maisto, gėrimų ir tabako mažmeninė prekyba","pašalinus sezono ir darbo dienų skaičiaus įtaką","palyginti su 2015 m.","proc.","115,0"
"2017M11","Mažmeninės prekybos, variklinių transporto priemonių, maitinimo įmonių apyvartos (be PVM) indeksai to meto kainomis (2015 m. – 100)","Maisto, gėrimų ir tabako mažmeninė prekyba","pašalinus sezono ir darbo dienų skaičiaus įtaką","palyginti su 2015 m.","proc.","114,2"
"2017M10","Mažmeninės prekybos, variklinių transporto priemonių, maitinimo įmonių apyvartos (be PVM) indeksai to meto kainomis (2015 m. – 100)","Maisto, gėrimų ir tabako mažmeninė prekyba","pašalinus sezono ir darbo dienų skaičiaus įtaką","palyginti su 2015 m.","proc.","113,2"
"2017M09","Mažmeninės prekybos, variklinių transporto priemonių, maitinimo įmonių apyvartos (be PVM) indeksai to meto kainomis (2015 m. – 100)","Maisto, gėrimų ir tabako mažmeninė prekyba","pašalinus sezono ir darbo dienų skaičiaus įtaką","palyginti su 2015 m.","proc.","112,5"
"2017M08","Mažmeninės prekybos, variklinių transporto priemonių, maitinimo įmonių apyvartos (be PVM) indeksai to meto kainomis (2015 m. – 100)","Maisto, gėrimų ir tabako mažmeninė prekyba","pašalinus sezono ir darbo dienų skaičiaus įtaką","palyginti su 2015 m.","proc.","111,9"
"2017M07","Mažmeninės prekybos, variklinių transporto priemonių, maitinimo įmonių apyvartos (be PVM) indeksai to meto kainomis (2015 m. – 100)","Maisto, gėrimų ir tabako mažmeninė prekyba","pašalinus sezono ir darbo dienų skaičiaus įtaką","palyginti su 2015 m.","proc.","110,7"
"2017M06","Mažmeninės prekybos, variklinių transporto priemonių, maitinimo įmonių apyvartos (be PVM) indeksai to meto kainomis (2015 m. – 100)","Maisto, gėrimų ir tabako mažmeninė prekyba","pašalinus sezono ir darbo dienų skaičiaus įtaką","palyginti su 2015 m.","proc.","111,0"
"2017M05","Mažmeninės prekybos, variklinių transporto priemonių, maitinimo įmonių apyvartos (be PVM) indeksai to meto kainomis (2015 m. – 100)","Maisto, gėrimų ir tabako mažmeninė prekyba","pašalinus sezono ir darbo dienų skaičiaus įtaką","palyginti su 2015 m.","proc.","110,9"
"2017M04","Mažmeninės prekybos, variklinių transporto priemonių, maitinimo įmonių apyvartos (be PVM) indeksai to meto kainomis (2015 m. – 100)","Maisto, gėrimų ir tabako mažmeninė prekyba","pašalinus sezono ir darbo dienų skaičiaus įtaką","palyginti su 2015 m.","proc.","109,1"
"2017M03","Mažmeninės prekybos, variklinių transporto priemonių, maitinimo įmonių apyvartos (be PVM) indeksai to meto kainomis (2015 m. – 100)","Maisto, gėrimų ir tabako mažmeninė prekyba","pašalinus sezono ir darbo dienų skaičiaus įtaką","palyginti su 2015 m.","proc.","108,9"
"2017M02","Mažmeninės prekybos, variklinių transporto priemonių, maitinimo įmonių apyvartos (be PVM) indeksai to meto kainomis (2015 m. – 100)","Maisto, gėrimų ir tabako mažmeninė prekyba","pašalinus sezono ir darbo dienų skaičiaus įtaką","palyginti su 2015 m.","proc.","109,0"
"2017M01","Mažmeninės prekybos, variklinių transporto priemonių, maitinimo įmonių apyvartos (be PVM) indeksai to meto kainomis (2015 m. – 100)","Maisto, gėrimų ir tabako mažmeninė prekyba","pašalinus sezono ir darbo dienų skaičiaus įtaką","palyginti su 2015 m.","proc.","108,3"
"2016M12","Mažmeninės prekybos, variklinių transporto priemonių, maitinimo įmonių apyvartos (be PVM) indeksai to meto kainomis (2015 m. – 100)","Maisto, gėrimų ir tabako mažmeninė prekyba","pašalinus sezono ir darbo dienų skaičiaus įtaką","palyginti su 2015 m.","proc.","106,1"
"2016M11","Mažmeninės prekybos, variklinių transporto priemonių, maitinimo įmonių apyvartos (be PVM) indeksai to meto kainomis (2015 m. – 100)","Maisto, gėrimų ir tabako mažmeninė prekyba","pašalinus sezono ir darbo dienų skaičiaus įtaką","palyginti su 2015 m.","proc.","105,2"
"2016M10","Mažmeninės prekybos, variklinių transporto priemonių, maitinimo įmonių apyvartos (be PVM) indeksai to meto kainomis (2015 m. – 100)","Maisto, gėrimų ir tabako mažmeninė prekyba","pašalinus sezono ir darbo dienų skaičiaus įtaką","palyginti su 2015 m.","proc.","106,5"
"2016M09","Mažmeninės prekybos, variklinių transporto priemonių, maitinimo įmonių apyvartos (be PVM) indeksai to meto kainomis (2015 m. – 100)","Maisto, gėrimų ir tabako mažmeninė prekyba","pašalinus sezono ir darbo dienų skaičiaus įtaką","palyginti su 2015 m.","proc.","106,4"
"2016M08","Mažmeninės prekybos, variklinių transporto priemonių, maitinimo įmonių apyvartos (be PVM) indeksai to meto kainomis (2015 m. – 100)","Maisto, gėrimų ir tabako mažmeninė prekyba","pašalinus sezono ir darbo dienų skaičiaus įtaką","palyginti su 2015 m.","proc.","104,8"
"2016M07","Mažmeninės prekybos, variklinių transporto priemonių, maitinimo įmonių apyvartos (be PVM) indeksai to meto kainomis (2015 m. – 100)","Maisto, gėrimų ir tabako mažmeninė prekyba","pašalinus sezono ir darbo dienų skaičiaus įtaką","palyginti su 2015 m.","proc.","103,9"
"2016M06","Mažmeninės prekybos, variklinių transporto priemonių, maitinimo įmonių apyvartos (be PVM) indeksai to meto kainomis (2015 m. – 100)","Maisto, gėrimų ir tabako mažmeninė prekyba","pašalinus sezono ir darbo dienų skaičiaus įtaką","palyginti su 2015 m.","proc.","107,3"
"2016M05","Mažmeninės prekybos, variklinių transporto priemonių, maitinimo įmonių apyvartos (be PVM) indeksai to meto kainomis (2015 m. – 100)","Maisto, gėrimų ir tabako mažmeninė prekyba","pašalinus sezono ir darbo dienų skaičiaus įtaką","palyginti su 2015 m.","proc.","102,6"
"2016M04","Mažmeninės prekybos, variklinių transporto priemonių, maitinimo įmonių apyvartos (be PVM) indeksai to meto kainomis (2015 m. – 100)","Maisto, gėrimų ir tabako mažmeninė prekyba","pašalinus sezono ir darbo dienų skaičiaus įtaką","palyginti su 2015 m.","proc.","103,6"
"2016M03","Mažmeninės prekybos, variklinių transporto priemonių, maitinimo įmonių apyvartos (be PVM) indeksai to meto kainomis (2015 m. – 100)","Maisto, gėrimų ir tabako mažmeninė prekyba","pašalinus sezono ir darbo dienų skaičiaus įtaką","palyginti su 2015 m.","proc.","103,4"
"2016M02","Mažmeninės prekybos, variklinių transporto priemonių, maitinimo įmonių apyvartos (be PVM) indeksai to meto kainomis (2015 m. – 100)","Maisto, gėrimų ir tabako mažmeninė prekyba","pašalinus sezono ir darbo dienų skaičiaus įtaką","palyginti su 2015 m.","proc.","102,4"
"2016M01","Mažmeninės prekybos, variklinių transporto priemonių, maitinimo įmonių apyvartos (be PVM) indeksai to meto kainomis (2015 m. – 100)","Maisto, gėrimų ir tabako mažmeninė prekyba","pašalinus sezono ir darbo dienų skaičiaus įtaką","palyginti su 2015 m.","proc.","101,4"
"2015M12","Mažmeninės prekybos, variklinių transporto priemonių, maitinimo įmonių apyvartos (be PVM) indeksai to meto kainomis (2015 m. – 100)","Maisto, gėrimų ir tabako mažmeninė prekyba","pašalinus sezono ir darbo dienų skaičiaus įtaką","palyginti su 2015 m.","proc.","102,9"
"2015M11","Mažmeninės prekybos, variklinių transporto priemonių, maitinimo įmonių apyvartos (be PVM) indeksai to meto kainomis (2015 m. – 100)","Maisto, gėrimų ir tabako mažmeninė prekyba","pašalinus sezono ir darbo dienų skaičiaus įtaką","palyginti su 2015 m.","proc.","101,9"
"2015M10","Mažmeninės prekybos, variklinių transporto priemonių, maitinimo įmonių apyvartos (be PVM) indeksai to meto kainomis (2015 m. – 100)","Maisto, gėrimų ir tabako mažmeninė prekyba","pašalinus sezono ir darbo dienų skaičiaus įtaką","palyginti su 2015 m.","proc.","101,9"
"2015M09","Mažmeninės prekybos, variklinių transporto priemonių, maitinimo įmonių apyvartos (be PVM) indeksai to meto kainomis (2015 m. – 100)","Maisto, gėrimų ir tabako mažmeninė prekyba","pašalinus sezono ir darbo dienų skaičiaus įtaką","palyginti su 2015 m.","proc.","100,9"
"2015M08","Mažmeninės prekybos, variklinių transporto priemonių, maitinimo įmonių apyvartos (be PVM) indeksai to meto kainomis (2015 m. – 100)","Maisto, gėrimų ir tabako mažmeninė prekyba","pašalinus sezono ir darbo dienų skaičiaus įtaką","palyginti su 2015 m.","proc.","104,5"
"2015M07","Mažmeninės prekybos, variklinių transporto priemonių, maitinimo įmonių apyvartos (be PVM) indeksai to meto kainomis (2015 m. – 100)","Maisto, gėrimų ir tabako mažmeninė prekyba","pašalinus sezono ir darbo dienų skaičiaus įtaką","palyginti su 2015 m.","proc.","101,3"
"2015M06","Mažmeninės prekybos, variklinių transporto priemonių, maitinimo įmonių apyvartos (be PVM) indeksai to meto kainomis (2015 m. – 100)","Maisto, gėrimų ir tabako mažmeninė prekyba","pašalinus sezono ir darbo dienų skaičiaus įtaką","palyginti su 2015 m.","proc.","100,3"
"2015M05","Mažmeninės prekybos, variklinių transporto priemonių, maitinimo įmonių apyvartos (be PVM) indeksai to meto kainomis (2015 m. – 100)","Maisto, gėrimų ir tabako mažmeninė prekyba","pašalinus sezono ir darbo dienų skaičiaus įtaką","palyginti su 2015 m.","proc.","99,3"
"2015M04","Mažmeninės prekybos, variklinių transporto priemonių, maitinimo įmonių apyvartos (be PVM) indeksai to meto kainomis (2015 m. – 100)","Maisto, gėrimų ir tabako mažmeninė prekyba","pašalinus sezono ir darbo dienų skaičiaus įtaką","palyginti su 2015 m.","proc.","98,9"
"2015M03","Mažmeninės prekybos, variklinių transporto priemonių, maitinimo įmonių apyvartos (be PVM) indeksai to meto kainomis (2015 m. – 100)","Maisto, gėrimų ir tabako mažmeninė prekyba","pašalinus sezono ir darbo dienų skaičiaus įtaką","palyginti su 2015 m.","proc.","97,2"
"2015M02","Mažmeninės prekybos, variklinių transporto priemonių, maitinimo įmonių apyvartos (be PVM) indeksai to meto kainomis (2015 m. – 100)","Maisto, gėrimų ir tabako mažmeninė prekyba","pašalinus sezono ir darbo dienų skaičiaus įtaką","palyginti su 2015 m.","proc.","95,9"
"2015M01","Mažmeninės prekybos, variklinių transporto priemonių, maitinimo įmonių apyvartos (be PVM) indeksai to meto kainomis (2015 m. – 100)","Maisto, gėrimų ir tabako mažmeninė prekyba","pašalinus sezono ir darbo dienų skaičiaus įtaką","palyginti su 2015 m.","proc.","94,9"
"2014M12","Mažmeninės prekybos, variklinių transporto priemonių, maitinimo įmonių apyvartos (be PVM) indeksai to meto kainomis (2015 m. – 100)","Maisto, gėrimų ir tabako mažmeninė prekyba","pašalinus sezono ir darbo dienų skaičiaus įtaką","palyginti su 2015 m.","proc.","99,5"
"2014M11","Mažmeninės prekybos, variklinių transporto priemonių, maitinimo įmonių apyvartos (be PVM) indeksai to meto kainomis (2015 m. – 100)","Maisto, gėrimų ir tabako mažmeninė prekyba","pašalinus sezono ir darbo dienų skaičiaus įtaką","palyginti su 2015 m.","proc.","99,6"
"2014M10","Mažmeninės prekybos, variklinių transporto priemonių, maitinimo įmonių apyvartos (be PVM) indeksai to meto kainomis (2015 m. – 100)","Maisto, gėrimų ir tabako mažmeninė prekyba","pašalinus sezono ir darbo dienų skaičiaus įtaką","palyginti su 2015 m.","proc.","98,0"
"2014M09","Mažmeninės prekybos, variklinių transporto priemonių, maitinimo įmonių apyvartos (be PVM) indeksai to meto kainomis (2015 m. – 100)","Maisto, gėrimų ir tabako mažmeninė prekyba","pašalinus sezono ir darbo dienų skaičiaus įtaką","palyginti su 2015 m.","proc.","97,7"
"2014M08","Mažmeninės prekybos, variklinių transporto priemonių, maitinimo įmonių apyvartos (be PVM) indeksai to meto kainomis (2015 m. – 100)","Maisto, gėrimų ir tabako mažmeninė prekyba","pašalinus sezono ir darbo dienų skaičiaus įtaką","palyginti su 2015 m.","proc.","98,3"
"2014M07","Mažmeninės prekybos, variklinių transporto priemonių, maitinimo įmonių apyvartos (be PVM) indeksai to meto kainomis (2015 m. – 100)","Maisto, gėrimų ir tabako mažmeninė prekyba","pašalinus sezono ir darbo dienų skaičiaus įtaką","palyginti su 2015 m.","proc.","97,8"
"2014M06","Mažmeninės prekybos, variklinių transporto priemonių, maitinimo įmonių apyvartos (be PVM) indeksai to meto kainomis (2015 m. – 100)","Maisto, gėrimų ir tabako mažmeninė prekyba","pašalinus sezono ir darbo dienų skaičiaus įtaką","palyginti su 2015 m.","proc.","96,3"
"2014M05","Mažmeninės prekybos, variklinių transporto priemonių, maitinimo įmonių apyvartos (be PVM) indeksai to meto kainomis (2015 m. – 100)","Maisto, gėrimų ir tabako mažmeninė prekyba","pašalinus sezono ir darbo dienų skaičiaus įtaką","palyginti su 2015 m.","proc.","96,7"
"2014M04","Mažmeninės prekybos, variklinių transporto priemonių, maitinimo įmonių apyvartos (be PVM) indeksai to meto kainomis (2015 m. – 100)","Maisto, gėrimų ir tabako mažmeninė prekyba","pašalinus sezono ir darbo dienų skaičiaus įtaką","palyginti su 2015 m.","proc.","95,7"
"2014M03","Mažmeninės prekybos, variklinių transporto priemonių, maitinimo įmonių apyvartos (be PVM) indeksai to meto kainomis (2015 m. – 100)","Maisto, gėrimų ir tabako mažmeninė prekyba","pašalinus sezono ir darbo dienų skaičiaus įtaką","palyginti su 2015 m.","proc.","95,6"
"2014M02","Mažmeninės prekybos, variklinių transporto priemonių, maitinimo įmonių apyvartos (be PVM) indeksai to meto kainomis (2015 m. – 100)","Maisto, gėrimų ir tabako mažmeninė prekyba","pašalinus sezono ir darbo dienų skaičiaus įtaką","palyginti su 2015 m.","proc.","94,8"
"2014M01","Mažmeninės prekybos, variklinių transporto priemonių, maitinimo įmonių apyvartos (be PVM) indeksai to meto kainomis (2015 m. – 100)","Maisto, gėrimų ir tabako mažmeninė prekyba","pašalinus sezono ir darbo dienų skaičiaus įtaką","palyginti su 2015 m.","proc.","95,4"
"2013M12","Mažmeninės prekybos, variklinių transporto priemonių, maitinimo įmonių apyvartos (be PVM) indeksai to meto kainomis (2015 m. – 100)","Maisto, gėrimų ir tabako mažmeninė prekyba","pašalinus sezono ir darbo dienų skaičiaus įtaką","palyginti su 2015 m.","proc.","95,0"
"2013M11","Mažmeninės prekybos, variklinių transporto priemonių, maitinimo įmonių apyvartos (be PVM) indeksai to meto kainomis (2015 m. – 100)","Maisto, gėrimų ir tabako mažmeninė prekyba","pašalinus sezono ir darbo dienų skaičiaus įtaką","palyginti su 2015 m.","proc.","95,4"
"2013M10","Mažmeninės prekybos, variklinių transporto priemonių, maitinimo įmonių apyvartos (be PVM) indeksai to meto kainomis (2015 m. – 100)","Maisto, gėrimų ir tabako mažmeninė prekyba","pašalinus sezono ir darbo dienų skaičiaus įtaką","palyginti su 2015 m.","proc.","93,9"
"2013M09","Mažmeninės prekybos, variklinių transporto priemonių, maitinimo įmonių apyvartos (be PVM) indeksai to meto kainomis (2015 m. – 100)","Maisto, gėrimų ir tabako mažmeninė prekyba","pašalinus sezono ir darbo dienų skaičiaus įtaką","palyginti su 2015 m.","proc.","93,6"
"2013M08","Mažmeninės prekybos, variklinių transporto priemonių, maitinimo įmonių apyvartos (be PVM) indeksai to meto kainomis (2015 m. – 100)","Maisto, gėrimų ir tabako mažmeninė prekyba","pašalinus sezono ir darbo dienų skaičiaus įtaką","palyginti su 2015 m.","proc.","94,4"
"2013M07","Mažmeninės prekybos, variklinių transporto priemonių, maitinimo įmonių apyvartos (be PVM) indeksai to meto kainomis (2015 m. – 100)","Maisto, gėrimų ir tabako mažmeninė prekyba","pašalinus sezono ir darbo dienų skaičiaus įtaką","palyginti su 2015 m.","proc.","93,8"
"2013M06","Mažmeninės prekybos, variklinių transporto priemonių, maitinimo įmonių apyvartos (be PVM) indeksai to meto kainomis (2015 m. – 100)","Maisto, gėrimų ir tabako mažmeninė prekyba","pašalinus sezono ir darbo dienų skaičiaus įtaką","palyginti su 2015 m.","proc.","94,0"
"2013M05","Mažmeninės prekybos, variklinių transporto priemonių, maitinimo įmonių apyvartos (be PVM) indeksai to meto kainomis (2015 m. – 100)","Maisto, gėrimų ir tabako mažmeninė prekyba","pašalinus sezono ir darbo dienų skaičiaus įtaką","palyginti su 2015 m.","proc.","94,4"
"2013M04","Mažmeninės prekybos, variklinių transporto priemonių, maitinimo įmonių apyvartos (be PVM) indeksai to meto kainomis (2015 m. – 100)","Maisto, gėrimų ir tabako mažmeninė prekyba","pašalinus sezono ir darbo dienų skaičiaus įtaką","palyginti su 2015 m.","proc.","90,1"
"2013M03","Mažmeninės prekybos, variklinių transporto priemonių, maitinimo įmonių apyvartos (be PVM) indeksai to meto kainomis (2015 m. – 100)","Maisto, gėrimų ir tabako mažmeninė prekyba","pašalinus sezono ir darbo dienų skaičiaus įtaką","palyginti su 2015 m.","proc.","94,5"
"2013M02","Mažmeninės prekybos, variklinių transporto priemonių, maitinimo įmonių apyvartos (be PVM) indeksai to meto kainomis (2015 m. – 100)","Maisto, gėrimų ir tabako mažmeninė prekyba","pašalinus sezono ir darbo dienų skaičiaus įtaką","palyginti su 2015 m.","proc.","91,8"
"2013M01","Mažmeninės prekybos, variklinių transporto priemonių, maitinimo įmonių apyvartos (be PVM) indeksai to meto kainomis (2015 m. – 100)","Maisto, gėrimų ir tabako mažmeninė prekyba","pašalinus sezono ir darbo dienų skaičiaus įtaką","palyginti su 2015 m.","proc.","91,7"
"2012M12","Mažmeninės prekybos, variklinių transporto priemonių, maitinimo įmonių apyvartos (be PVM) indeksai to meto kainomis (2015 m. – 100)","Maisto, gėrimų ir tabako mažmeninė prekyba","pašalinus sezono ir darbo dienų skaičiaus įtaką","palyginti su 2015 m.","proc.","90,3"
"2012M11","Mažmeninės prekybos, variklinių transporto priemonių, maitinimo įmonių apyvartos (be PVM) indeksai to meto kainomis (2015 m. – 100)","Maisto, gėrimų ir tabako mažmeninė prekyba","pašalinus sezono ir darbo dienų skaičiaus įtaką","palyginti su 2015 m.","proc.","90,3"
"2012M10","Mažmeninės prekybos, variklinių transporto priemonių, maitinimo įmonių apyvartos (be PVM) indeksai to meto kainomis (2015 m. – 100)","Maisto, gėrimų ir tabako mažmeninė prekyba","pašalinus sezono ir darbo dienų skaičiaus įtaką","palyginti su 2015 m.","proc.","89,1"
"2012M09","Mažmeninės prekybos, variklinių transporto priemonių, maitinimo įmonių apyvartos (be PVM) indeksai to meto kainomis (2015 m. – 100)","Maisto, gėrimų ir tabako mažmeninė prekyba","pašalinus sezono ir darbo dienų skaičiaus įtaką","palyginti su 2015 m.","proc.","88,4"
"2012M08","Mažmeninės prekybos, variklinių transporto priemonių, maitinimo įmonių apyvartos (be PVM) indeksai to meto kainomis (2015 m. – 100)","Maisto, gėrimų ir tabako mažmeninė prekyba","pašalinus sezono ir darbo dienų skaičiaus įtaką","palyginti su 2015 m.","proc.","87,8"
"2012M07","Mažmeninės prekybos, variklinių transporto priemonių, maitinimo įmonių apyvartos (be PVM) indeksai to meto kainomis (2015 m. – 100)","Maisto, gėrimų ir tabako mažmeninė prekyba","pašalinus sezono ir darbo dienų skaičiaus įtaką","palyginti su 2015 m.","proc.","88,4"
"2012M06","Mažmeninės prekybos, variklinių transporto priemonių, maitinimo įmonių apyvartos (be PVM) indeksai to meto kainomis (2015 m. – 100)","Maisto, gėrimų ir tabako mažmeninė prekyba","pašalinus sezono ir darbo dienų skaičiaus įtaką","palyginti su 2015 m.","proc.","87,2"
"2012M05","Mažmeninės prekybos, variklinių transporto priemonių, maitinimo įmonių apyvartos (be PVM) indeksai to meto kainomis (2015 m. – 100)","Maisto, gėrimų ir tabako mažmeninė prekyba","pašalinus sezono ir darbo dienų skaičiaus įtaką","palyginti su 2015 m.","proc.","87,2"
"2012M04","Mažmeninės prekybos, variklinių transporto priemonių, maitinimo įmonių apyvartos (be PVM) indeksai to meto kainomis (2015 m. – 100)","Maisto, gėrimų ir tabako mažmeninė prekyba","pašalinus sezono ir darbo dienų skaičiaus įtaką","palyginti su 2015 m.","proc.","87,1"
"2012M03","Mažmeninės prekybos, variklinių transporto priemonių, maitinimo įmonių apyvartos (be PVM) indeksai to meto kainomis (2015 m. – 100)","Maisto, gėrimų ir tabako mažmeninė prekyba","pašalinus sezono ir darbo dienų skaičiaus įtaką","palyginti su 2015 m.","proc.","87,0"
"2012M02","Mažmeninės prekybos, variklinių transporto priemonių, maitinimo įmonių apyvartos (be PVM) indeksai to meto kainomis (2015 m. – 100)","Maisto, gėrimų ir tabako mažmeninė prekyba","pašalinus sezono ir darbo dienų skaičiaus įtaką","palyginti su 2015 m.","proc.","86,6"
"2012M01","Mažmeninės prekybos, variklinių transporto priemonių, maitinimo įmonių apyvartos (be PVM) indeksai to meto kainomis (2015 m. – 100)","Maisto, gėrimų ir tabako mažmeninė prekyba","pašalinus sezono ir darbo dienų skaičiaus įtaką","palyginti su 2015 m.","proc.","87,0"
"2011M12","Mažmeninės prekybos, variklinių transporto priemonių, maitinimo įmonių apyvartos (be PVM) indeksai to meto kainomis (2015 m. – 100)","Maisto, gėrimų ir tabako mažmeninė prekyba","pašalinus sezono ir darbo dienų skaičiaus įtaką","palyginti su 2015 m.","proc.","86,3"
"2011M11","Mažmeninės prekybos, variklinių transporto priemonių, maitinimo įmonių apyvartos (be PVM) indeksai to meto kainomis (2015 m. – 100)","Maisto, gėrimų ir tabako mažmeninė prekyba","pašalinus sezono ir darbo dienų skaičiaus įtaką","palyginti su 2015 m.","proc.","85,6"
"2011M10","Mažmeninės prekybos, variklinių transporto priemonių, maitinimo įmonių apyvartos (be PVM) indeksai to meto kainomis (2015 m. – 100)","Maisto, gėrimų ir tabako mažmeninė prekyba","pašalinus sezono ir darbo dienų skaičiaus įtaką","palyginti su 2015 m.","proc.","86,2"
"2011M09","Mažmeninės prekybos, variklinių transporto priemonių, maitinimo įmonių apyvartos (be PVM) indeksai to meto kainomis (2015 m. – 100)","Maisto, gėrimų ir tabako mažmeninė prekyba","pašalinus sezono ir darbo dienų skaičiaus įtaką","palyginti su 2015 m.","proc.","86,2"
"2011M08","Mažmeninės prekybos, variklinių transporto priemonių, maitinimo įmonių apyvartos (be PVM) indeksai to meto kainomis (2015 m. – 100)","Maisto, gėrimų ir tabako mažmeninė prekyba","pašalinus sezono ir darbo dienų skaičiaus įtaką","palyginti su 2015 m.","proc.","84,6"
"2011M07","Mažmeninės prekybos, variklinių transporto priemonių, maitinimo įmonių apyvartos (be PVM) indeksai to meto kainomis (2015 m. – 100)","Maisto, gėrimų ir tabako mažmeninė prekyba","pašalinus sezono ir darbo dienų skaičiaus įtaką","palyginti su 2015 m.","proc.","83,4"
"2011M06","Mažmeninės prekybos, variklinių transporto priemonių, maitinimo įmonių apyvartos (be PVM) indeksai to meto kainomis (2015 m. – 100)","Maisto, gėrimų ir tabako mažmeninė prekyba","pašalinus sezono ir darbo dienų skaičiaus įtaką","palyginti su 2015 m.","proc.","84,9"
"2011M05","Mažmeninės prekybos, variklinių transporto priemonių, maitinimo įmonių apyvartos (be PVM) indeksai to meto kainomis (2015 m. – 100)","Maisto, gėrimų ir tabako mažmeninė prekyba","pašalinus sezono ir darbo dienų skaičiaus įtaką","palyginti su 2015 m.","proc.","83,3"
"2011M04","Mažmeninės prekybos, variklinių transporto priemonių, maitinimo įmonių apyvartos (be PVM) indeksai to meto kainomis (2015 m. – 100)","Maisto, gėrimų ir tabako mažmeninė prekyba","pašalinus sezono ir darbo dienų skaičiaus įtaką","palyginti su 2015 m.","proc.","84,0"
"2011M03","Mažmeninės prekybos, variklinių transporto priemonių, maitinimo įmonių apyvartos (be PVM) indeksai to meto kainomis (2015 m. – 100)","Maisto, gėrimų ir tabako mažmeninė prekyba","pašalinus sezono ir darbo dienų skaičiaus įtaką","palyginti su 2015 m.","proc.","83,4"
"2011M02","Mažmeninės prekybos, variklinių transporto priemonių, maitinimo įmonių apyvartos (be PVM) indeksai to meto kainomis (2015 m. – 100)","Maisto, gėrimų ir tabako mažmeninė prekyba","pašalinus sezono ir darbo dienų skaičiaus įtaką","palyginti su 2015 m.","proc.","83,5"
"2011M01","Mažmeninės prekybos, variklinių transporto priemonių, maitinimo įmonių apyvartos (be PVM) indeksai to meto kainomis (2015 m. – 100)","Maisto, gėrimų ir tabako mažmeninė prekyba","pašalinus sezono ir darbo dienų skaičiaus įtaką","palyginti su 2015 m.","proc.","81,4"
"2010M12","Mažmeninės prekybos, variklinių transporto priemonių, maitinimo įmonių apyvartos (be PVM) indeksai to meto kainomis (2015 m. – 100)","Maisto, gėrimų ir tabako mažmeninė prekyba","pašalinus sezono ir darbo dienų skaičiaus įtaką","palyginti su 2015 m.","proc.","79,8"
"2010M11","Mažmeninės prekybos, variklinių transporto priemonių, maitinimo įmonių apyvartos (be PVM) indeksai to meto kainomis (2015 m. – 100)","Maisto, gėrimų ir tabako mažmeninė prekyba","pašalinus sezono ir darbo dienų skaičiaus įtaką","palyginti su 2015 m.","proc.","80,6"
"2010M10","Mažmeninės prekybos, variklinių transporto priemonių, maitinimo įmonių apyvartos (be PVM) indeksai to meto kainomis (2015 m. – 100)","Maisto, gėrimų ir tabako mažmeninė prekyba","pašalinus sezono ir darbo dienų skaičiaus įtaką","palyginti su 2015 m.","proc.","79,8"
"2010M09","Mažmeninės prekybos, variklinių transporto priemonių, maitinimo įmonių apyvartos (be PVM) indeksai to meto kainomis (2015 m. – 100)","Maisto, gėrimų ir tabako mažmeninė prekyba","pašalinus sezono ir darbo dienų skaičiaus įtaką","palyginti su 2015 m.","proc.","80,0"
"2010M08","Mažmeninės prekybos, variklinių transporto priemonių, maitinimo įmonių apyvartos (be PVM) indeksai to meto kainomis (2015 m. – 100)","Maisto, gėrimų ir tabako mažmeninė prekyba","pašalinus sezono ir darbo dienų skaičiaus įtaką","palyginti su 2015 m.","proc.","78,6"
"2010M07","Mažmeninės prekybos, variklinių transporto priemonių, maitinimo įmonių apyvartos (be PVM) indeksai to meto kainomis (2015 m. – 100)","Maisto, gėrimų ir tabako mažmeninė prekyba","pašalinus sezono ir darbo dienų skaičiaus įtaką","palyginti su 2015 m.","proc.","78,5"
"2010M06","Mažmeninės prekybos, variklinių transporto priemonių, maitinimo įmonių apyvartos (be PVM) indeksai to meto kainomis (2015 m. – 100)","Maisto, gėrimų ir tabako mažmeninė prekyba","pašalinus sezono ir darbo dienų skaičiaus įtaką","palyginti su 2015 m.","proc.","77,6"
"2010M05","Mažmeninės prekybos, variklinių transporto priemonių, maitinimo įmonių apyvartos (be PVM) indeksai to meto kainomis (2015 m. – 100)","Maisto, gėrimų ir tabako mažmeninė prekyba","pašalinus sezono ir darbo dienų skaičiaus įtaką","palyginti su 2015 m.","proc.","77,0"
"2010M04","Mažmeninės prekybos, variklinių transporto priemonių, maitinimo įmonių apyvartos (be PVM) indeksai to meto kainomis (2015 m. – 100)","Maisto, gėrimų ir tabako mažmeninė prekyba","pašalinus sezono ir darbo dienų skaičiaus įtaką","palyginti su 2015 m.","proc.","76,5"
"2010M03","Mažmeninės prekybos, variklinių transporto priemonių, maitinimo įmonių apyvartos (be PVM) indeksai to meto kainomis (2015 m. – 100)","Maisto, gėrimų ir tabako mažmeninė prekyba","pašalinus sezono ir darbo dienų skaičiaus įtaką","palyginti su 2015 m.","proc.","78,5"
"2010M02","Mažmeninės prekybos, variklinių transporto priemonių, maitinimo įmonių apyvartos (be PVM) indeksai to meto kainomis (2015 m. – 100)","Maisto, gėrimų ir tabako mažmeninė prekyba","pašalinus sezono ir darbo dienų skaičiaus įtaką","palyginti su 2015 m.","proc.","77,1"
"2010M01","Mažmeninės prekybos, variklinių transporto priemonių, maitinimo įmonių apyvartos (be PVM) indeksai to meto kainomis (2015 m. – 100)","Maisto, gėrimų ir tabako mažmeninė prekyba","pašalinus sezono ir darbo dienų skaičiaus įtaką","palyginti su 2015 m.","proc.","77,8"
"2009M12","Mažmeninės prekybos, variklinių transporto priemonių, maitinimo įmonių apyvartos (be PVM) indeksai to meto kainomis (2015 m. – 100)","Maisto, gėrimų ir tabako mažmeninė prekyba","pašalinus sezono ir darbo dienų skaičiaus įtaką","palyginti su 2015 m.","proc.","77,2"
"2009M11","Mažmeninės prekybos, variklinių transporto priemonių, maitinimo įmonių apyvartos (be PVM) indeksai to meto kainomis (2015 m. – 100)","Maisto, gėrimų ir tabako mažmeninė prekyba","pašalinus sezono ir darbo dienų skaičiaus įtaką","palyginti su 2015 m.","proc.","77,8"
"2009M10","Mažmeninės prekybos, variklinių transporto priemonių, maitinimo įmonių apyvartos (be PVM) indeksai to meto kainomis (2015 m. – 100)","Maisto, gėrimų ir tabako mažmeninė prekyba","pašalinus sezono ir darbo dienų skaičiaus įtaką","palyginti su 2015 m.","proc.","79,4"
"2009M09","Mažmeninės prekybos, variklinių transporto priemonių, maitinimo įmonių apyvartos (be PVM) indeksai to meto kainomis (2015 m. – 100)","Maisto, gėrimų ir tabako mažmeninė prekyba","pašalinus sezono ir darbo dienų skaičiaus įtaką","palyginti su 2015 m.","proc.","79,7"
"2009M08","Mažmeninės prekybos, variklinių transporto priemonių, maitinimo įmonių apyvartos (be PVM) indeksai to meto kainomis (2015 m. – 100)","Maisto, gėrimų ir tabako mažmeninė prekyba","pašalinus sezono ir darbo dienų skaičiaus įtaką","palyginti su 2015 m.","proc.","82,8"
"2009M07","Mažmeninės prekybos, variklinių transporto priemonių, maitinimo įmonių apyvartos (be PVM) indeksai to meto kainomis (2015 m. – 100)","Maisto, gėrimų ir tabako mažmeninė prekyba","pašalinus sezono ir darbo dienų skaičiaus įtaką","palyginti su 2015 m.","proc.","83,1"
"2009M06","Mažmeninės prekybos, variklinių transporto priemonių, maitinimo įmonių apyvartos (be PVM) indeksai to meto kainomis (2015 m. – 100)","Maisto, gėrimų ir tabako mažmeninė prekyba","pašalinus sezono ir darbo dienų skaičiaus įtaką","palyginti su 2015 m.","proc.","84,1"
"2009M05","Mažmeninės prekybos, variklinių transporto priemonių, maitinimo įmonių apyvartos (be PVM) indeksai to meto kainomis (2015 m. – 100)","Maisto, gėrimų ir tabako mažmeninė prekyba","pašalinus sezono ir darbo dienų skaičiaus įtaką","palyginti su 2015 m.","proc.","85,9"
"2009M04","Mažmeninės prekybos, variklinių transporto priemonių, maitinimo įmonių apyvartos (be PVM) indeksai to meto kainomis (2015 m. – 100)","Maisto, gėrimų ir tabako mažmeninė prekyba","pašalinus sezono ir darbo dienų skaičiaus įtaką","palyginti su 2015 m.","proc.","87,2"
"2009M03","Mažmeninės prekybos, variklinių transporto priemonių, maitinimo įmonių apyvartos (be PVM) indeksai to meto kainomis (2015 m. – 100)","Maisto, gėrimų ir tabako mažmeninė prekyba","pašalinus sezono ir darbo dienų skaičiaus įtaką","palyginti su 2015 m.","proc.","86,9"
"2009M02","Mažmeninės prekybos, variklinių transporto priemonių, maitinimo įmonių apyvartos (be PVM) indeksai to meto kainomis (2015 m. – 100)","Maisto, gėrimų ir tabako mažmeninė prekyba","pašalinus sezono ir darbo dienų skaičiaus įtaką","palyginti su 2015 m.","proc.","88,9"
"2009M01","Mažmeninės prekybos, variklinių transporto priemonių, maitinimo įmonių apyvartos (be PVM) indeksai to meto kainomis (2015 m. – 100)","Maisto, gėrimų ir tabako mažmeninė prekyba","pašalinus sezono ir darbo dienų skaičiaus įtaką","palyginti su 2015 m.","proc.","91,2"
"2008M12","Mažmeninės prekybos, variklinių transporto priemonių, maitinimo įmonių apyvartos (be PVM) indeksai to meto kainomis (2015 m. – 100)","Maisto, gėrimų ir tabako mažmeninė prekyba","pašalinus sezono ir darbo dienų skaičiaus įtaką","palyginti su 2015 m.","proc.","97,0"
"2008M11","Mažmeninės prekybos, variklinių transporto priemonių, maitinimo įmonių apyvartos (be PVM) indeksai to meto kainomis (2015 m. – 100)","Maisto, gėrimų ir tabako mažmeninė prekyba","pašalinus sezono ir darbo dienų skaičiaus įtaką","palyginti su 2015 m.","proc.","98,6"
"2008M10","Mažmeninės prekybos, variklinių transporto priemonių, maitinimo įmonių apyvartos (be PVM) indeksai to meto kainomis (2015 m. – 100)","Maisto, gėrimų ir tabako mažmeninė prekyba","pašalinus sezono ir darbo dienų skaičiaus įtaką","palyginti su 2015 m.","proc.","98,1"
"2008M09","Mažmeninės prekybos, variklinių transporto priemonių, maitinimo įmonių apyvartos (be PVM) indeksai to meto kainomis (2015 m. – 100)","Maisto, gėrimų ir tabako mažmeninė prekyba","pašalinus sezono ir darbo dienų skaičiaus įtaką","palyginti su 2015 m.","proc.","96,9"
"2008M08","Mažmeninės prekybos, variklinių transporto priemonių, maitinimo įmonių apyvartos (be PVM) indeksai to meto kainomis (2015 m. – 100)","Maisto, gėrimų ir tabako mažmeninė prekyba","pašalinus sezono ir darbo dienų skaičiaus įtaką","palyginti su 2015 m.","proc.","97,6"
"2008M07","Mažmeninės prekybos, variklinių transporto priemonių, maitinimo įmonių apyvartos (be PVM) indeksai to meto kainomis (2015 m. – 100)","Maisto, gėrimų ir tabako mažmeninė prekyba","pašalinus sezono ir darbo dienų skaičiaus įtaką","palyginti su 2015 m.","proc.","98,3"
"2008M06","Mažmeninės prekybos, variklinių transporto priemonių, maitinimo įmonių apyvartos (be PVM) indeksai to meto kainomis (2015 m. – 100)","Maisto, gėrimų ir tabako mažmeninė prekyba","pašalinus sezono ir darbo dienų skaičiaus įtaką","palyginti su 2015 m.","proc.","98,0"
"2008M05","Mažmeninės prekybos, variklinių transporto priemonių, maitinimo įmonių apyvartos (be PVM) indeksai to meto kainomis (2015 m. – 100)","Maisto, gėrimų ir tabako mažmeninė prekyba","pašalinus sezono ir darbo dienų skaičiaus įtaką","palyginti su 2015 m.","proc.","97,9"
"2008M04","Mažmeninės prekybos, variklinių transporto priemonių, maitinimo įmonių apyvartos (be PVM) indeksai to meto kainomis (2015 m. – 100)","Maisto, gėrimų ir tabako mažmeninė prekyba","pašalinus sezono ir darbo dienų skaičiaus įtaką","palyginti su 2015 m.","proc.","96,9"
"2008M03","Mažmeninės prekybos, variklinių transporto priemonių, maitinimo įmonių apyvartos (be PVM) indeksai to meto kainomis (2015 m. – 100)","Maisto, gėrimų ir tabako mažmeninė prekyba","pašalinus sezono ir darbo dienų skaičiaus įtaką","palyginti su 2015 m.","proc.","94,8"
"2008M02","Mažmeninės prekybos, variklinių transporto priemonių, maitinimo įmonių apyvartos (be PVM) indeksai to meto kainomis (2015 m. – 100)","Maisto, gėrimų ir tabako mažmeninė prekyba","pašalinus sezono ir darbo dienų skaičiaus įtaką","palyginti su 2015 m.","proc.","95,2"
"2008M01","Mažmeninės prekybos, variklinių transporto priemonių, maitinimo įmonių apyvartos (be PVM) indeksai to meto kainomis (2015 m. – 100)","Maisto, gėrimų ir tabako mažmeninė prekyba","pašalinus sezono ir darbo dienų skaičiaus įtaką","palyginti su 2015 m.","proc.","91,4"
"2007M12","Mažmeninės prekybos, variklinių transporto priemonių, maitinimo įmonių apyvartos (be PVM) indeksai to meto kainomis (2015 m. – 100)","Maisto, gėrimų ir tabako mažmeninė prekyba","pašalinus sezono ir darbo dienų skaičiaus įtaką","palyginti su 2015 m.","proc.","93,6"
"2007M11","Mažmeninės prekybos, variklinių transporto priemonių, maitinimo įmonių apyvartos (be PVM) indeksai to meto kainomis (2015 m. – 100)","Maisto, gėrimų ir tabako mažmeninė prekyba","pašalinus sezono ir darbo dienų skaičiaus įtaką","palyginti su 2015 m.","proc.","89,4"
"2007M10","Mažmeninės prekybos, variklinių transporto priemonių, maitinimo įmonių apyvartos (be PVM) indeksai to meto kainomis (2015 m. – 100)","Maisto, gėrimų ir tabako mažmeninė prekyba","pašalinus sezono ir darbo dienų skaičiaus įtaką","palyginti su 2015 m.","proc.","89,3"
"2007M09","Mažmeninės prekybos, variklinių transporto priemonių, maitinimo įmonių apyvartos (be PVM) indeksai to meto kainomis (2015 m. – 100)","Maisto, gėrimų ir tabako mažmeninė prekyba","pašalinus sezono ir darbo dienų skaičiaus įtaką","palyginti su 2015 m.","proc.","88,2"
"2007M08","Mažmeninės prekybos, variklinių transporto priemonių, maitinimo įmonių apyvartos (be PVM) indeksai to meto kainomis (2015 m. – 100)","Maisto, gėrimų ir tabako mažmeninė prekyba","pašalinus sezono ir darbo dienų skaičiaus įtaką","palyginti su 2015 m.","proc.","86,3"
"2007M07","Mažmeninės prekybos, variklinių transporto priemonių, maitinimo įmonių apyvartos (be PVM) indeksai to meto kainomis (2015 m. – 100)","Maisto, gėrimų ir tabako mažmeninė prekyba","pašalinus sezono ir darbo dienų skaičiaus įtaką","palyginti su 2015 m.","proc.","81,0"
"2007M06","Mažmeninės prekybos, variklinių transporto priemonių, maitinimo įmonių apyvartos (be PVM) indeksai to meto kainomis (2015 m. – 100)","Maisto, gėrimų ir tabako mažmeninė prekyba","pašalinus sezono ir darbo dienų skaičiaus įtaką","palyginti su 2015 m.","proc.","82,8"
"2007M05","Mažmeninės prekybos, variklinių transporto priemonių, maitinimo įmonių apyvartos (be PVM) indeksai to meto kainomis (2015 m. – 100)","Maisto, gėrimų ir tabako mažmeninė prekyba","pašalinus sezono ir darbo dienų skaičiaus įtaką","palyginti su 2015 m.","proc.","81,5"
"2007M04","Mažmeninės prekybos, variklinių transporto priemonių, maitinimo įmonių apyvartos (be PVM) indeksai to meto kainomis (2015 m. – 100)","Maisto, gėrimų ir tabako mažmeninė prekyba","pašalinus sezono ir darbo dienų skaičiaus įtaką","palyginti su 2015 m.","proc.","79,6"
"2007M03","Mažmeninės prekybos, variklinių transporto priemonių, maitinimo įmonių apyvartos (be PVM) indeksai to meto kainomis (2015 m. – 100)","Maisto, gėrimų ir tabako mažmeninė prekyba","pašalinus sezono ir darbo dienų skaičiaus įtaką","palyginti su 2015 m.","proc.","79,2"
"2007M02","Mažmeninės prekybos, variklinių transporto priemonių, maitinimo įmonių apyvartos (be PVM) indeksai to meto kainomis (2015 m. – 100)","Maisto, gėrimų ir tabako mažmeninė prekyba","pašalinus sezono ir darbo dienų skaičiaus įtaką","palyginti su 2015 m.","proc.","76,2"
"2007M01","Mažmeninės prekybos, variklinių transporto priemonių, maitinimo įmonių apyvartos (be PVM) indeksai to meto kainomis (2015 m. – 100)","Maisto, gėrimų ir tabako mažmeninė prekyba","pašalinus sezono ir darbo dienų skaičiaus įtaką","palyginti su 2015 m.","proc.","75,5"
"2006M12","Mažmeninės prekybos, variklinių transporto priemonių, maitinimo įmonių apyvartos (be PVM) indeksai to meto kainomis (2015 m. – 100)","Maisto, gėrimų ir tabako mažmeninė prekyba","pašalinus sezono ir darbo dienų skaičiaus įtaką","palyginti su 2015 m.","proc.","73,0"
"2006M11","Mažmeninės prekybos, variklinių transporto priemonių, maitinimo įmonių apyvartos (be PVM) indeksai to meto kainomis (2015 m. – 100)","Maisto, gėrimų ir tabako mažmeninė prekyba","pašalinus sezono ir darbo dienų skaičiaus įtaką","palyginti su 2015 m.","proc.","72,4"
"2006M10","Mažmeninės prekybos, variklinių transporto priemonių, maitinimo įmonių apyvartos (be PVM) indeksai to meto kainomis (2015 m. – 100)","Maisto, gėrimų ir tabako mažmeninė prekyba","pašalinus sezono ir darbo dienų skaičiaus įtaką","palyginti su 2015 m.","proc.","69,9"
"2006M09","Mažmeninės prekybos, variklinių transporto priemonių, maitinimo įmonių apyvartos (be PVM) indeksai to meto kainomis (2015 m. – 100)","Maisto, gėrimų ir tabako mažmeninė prekyba","pašalinus sezono ir darbo dienų skaičiaus įtaką","palyginti su 2015 m.","proc.","69,5"
"2006M08","Mažmeninės prekybos, variklinių transporto priemonių, maitinimo įmonių apyvartos (be PVM) indeksai to meto kainomis (2015 m. – 100)","Maisto, gėrimų ir tabako mažmeninė prekyba","pašalinus sezono ir darbo dienų skaičiaus įtaką","palyginti su 2015 m.","proc.","68,5"
"2006M07","Mažmeninės prekybos, variklinių transporto priemonių, maitinimo įmonių apyvartos (be PVM) indeksai to meto kainomis (2015 m. – 100)","Maisto, gėrimų ir tabako mažmeninė prekyba","pašalinus sezono ir darbo dienų skaičiaus įtaką","palyginti su 2015 m.","proc.","67,9"
"2006M06","Mažmeninės prekybos, variklinių transporto priemonių, maitinimo įmonių apyvartos (be PVM) indeksai to meto kainomis (2015 m. – 100)","Maisto, gėrimų ir tabako mažmeninė prekyba","pašalinus sezono ir darbo dienų skaičiaus įtaką","palyginti su 2015 m.","proc.","66,7"
"2006M05","Mažmeninės prekybos, variklinių transporto priemonių, maitinimo įmonių apyvartos (be PVM) indeksai to meto kainomis (2015 m. – 100)","Maisto, gėrimų ir tabako mažmeninė prekyba","pašalinus sezono ir darbo dienų skaičiaus įtaką","palyginti su 2015 m.","proc.","65,1"
"2006M04","Mažmeninės prekybos, variklinių transporto priemonių, maitinimo įmonių apyvartos (be PVM) indeksai to meto kainomis (2015 m. – 100)","Maisto, gėrimų ir tabako mažmeninė prekyba","pašalinus sezono ir darbo dienų skaičiaus įtaką","palyginti su 2015 m.","proc.","64,4"
"2006M03","Mažmeninės prekybos, variklinių transporto priemonių, maitinimo įmonių apyvartos (be PVM) indeksai to meto kainomis (2015 m. – 100)","Maisto, gėrimų ir tabako mažmeninė prekyba","pašalinus sezono ir darbo dienų skaičiaus įtaką","palyginti su 2015 m.","proc.","64,7"
"2006M02","Mažmeninės prekybos, variklinių transporto priemonių, maitinimo įmonių apyvartos (be PVM) indeksai to meto kainomis (2015 m. – 100)","Maisto, gėrimų ir tabako mažmeninė prekyba","pašalinus sezono ir darbo dienų skaičiaus įtaką","palyginti su 2015 m.","proc.","63,3"
"2006M01","Mažmeninės prekybos, variklinių transporto priemonių, maitinimo įmonių apyvartos (be PVM) indeksai to meto kainomis (2015 m. – 100)","Maisto, gėrimų ir tabako mažmeninė prekyba","pašalinus sezono ir darbo dienų skaičiaus įtaką","palyginti su 2015 m.","proc.","63,2"
"2005M12","Mažmeninės prekybos, variklinių transporto priemonių, maitinimo įmonių apyvartos (be PVM) indeksai to meto kainomis (2015 m. – 100)","Maisto, gėrimų ir tabako mažmeninė prekyba","pašalinus sezono ir darbo dienų skaičiaus įtaką","palyginti su 2015 m.","proc.","60,8"
"2005M11","Mažmeninės prekybos, variklinių transporto priemonių, maitinimo įmonių apyvartos (be PVM) indeksai to meto kainomis (2015 m. – 100)","Maisto, gėrimų ir tabako mažmeninė prekyba","pašalinus sezono ir darbo dienų skaičiaus įtaką","palyginti su 2015 m.","proc.","61,2"
"2005M10","Mažmeninės prekybos, variklinių transporto priemonių, maitinimo įmonių apyvartos (be PVM) indeksai to meto kainomis (2015 m. – 100)","Maisto, gėrimų ir tabako mažmeninė prekyba","pašalinus sezono ir darbo dienų skaičiaus įtaką","palyginti su 2015 m.","proc.","61,1"
"2005M09","Mažmeninės prekybos, variklinių transporto priemonių, maitinimo įmonių apyvartos (be PVM) indeksai to meto kainomis (2015 m. – 100)","Maisto, gėrimų ir tabako mažmeninė prekyba","pašalinus sezono ir darbo dienų skaičiaus įtaką","palyginti su 2015 m.","proc.","60,6"
"2005M08","Mažmeninės prekybos, variklinių transporto priemonių, maitinimo įmonių apyvartos (be PVM) indeksai to meto kainomis (2015 m. – 100)","Maisto, gėrimų ir tabako mažmeninė prekyba","pašalinus sezono ir darbo dienų skaičiaus įtaką","palyginti su 2015 m.","proc.","58,7"
"2005M07","Mažmeninės prekybos, variklinių transporto priemonių, maitinimo įmonių apyvartos (be PVM) indeksai to meto kainomis (2015 m. – 100)","Maisto, gėrimų ir tabako mažmeninė prekyba","pašalinus sezono ir darbo dienų skaičiaus įtaką","palyginti su 2015 m.","proc.","57,6"
"2005M06","Mažmeninės prekybos, variklinių transporto priemonių, maitinimo įmonių apyvartos (be PVM) indeksai to meto kainomis (2015 m. – 100)","Maisto, gėrimų ir tabako mažmeninė prekyba","pašalinus sezono ir darbo dienų skaičiaus įtaką","palyginti su 2015 m.","proc.","58,0"
"2005M05","Mažmeninės prekybos, variklinių transporto priemonių, maitinimo įmonių apyvartos (be PVM) indeksai to meto kainomis (2015 m. – 100)","Maisto, gėrimų ir tabako mažmeninė prekyba","pašalinus sezono ir darbo dienų skaičiaus įtaką","palyginti su 2015 m.","proc.","57,7"
"2005M04","Mažmeninės prekybos, variklinių transporto priemonių, maitinimo įmonių apyvartos (be PVM) indeksai to meto kainomis (2015 m. – 100)","Maisto, gėrimų ir tabako mažmeninė prekyba","pašalinus sezono ir darbo dienų skaičiaus įtaką","palyginti su 2015 m.","proc.","57,8"
"2005M03","Mažmeninės prekybos, variklinių transporto priemonių, maitinimo įmonių apyvartos (be PVM) indeksai to meto kainomis (2015 m. – 100)","Maisto, gėrimų ir tabako mažmeninė prekyba","pašalinus sezono ir darbo dienų skaičiaus įtaką","palyginti su 2015 m.","proc.","56,0"
"2005M02","Mažmeninės prekybos, variklinių transporto priemonių, maitinimo įmonių apyvartos (be PVM) indeksai to meto kainomis (2015 m. – 100)","Maisto, gėrimų ir tabako mažmeninė prekyba","pašalinus sezono ir darbo dienų skaičiaus įtaką","palyginti su 2015 m.","proc.","57,3"
"2005M01","Mažmeninės prekybos, variklinių transporto priemonių, maitinimo įmonių apyvartos (be PVM) indeksai to meto kainomis (2015 m. – 100)","Maisto, gėrimų ir tabako mažmeninė prekyba","pašalinus sezono ir darbo dienų skaičiaus įtaką","palyginti su 2015 m.","proc.","56,8"
"2004M12","Mažmeninės prekybos, variklinių transporto priemonių, maitinimo įmonių apyvartos (be PVM) indeksai to meto kainomis (2015 m. – 100)","Maisto, gėrimų ir tabako mažmeninė prekyba","pašalinus sezono ir darbo dienų skaičiaus įtaką","palyginti su 2015 m.","proc.","54,4"
"2004M11","Mažmeninės prekybos, variklinių transporto priemonių, maitinimo įmonių apyvartos (be PVM) indeksai to meto kainomis (2015 m. – 100)","Maisto, gėrimų ir tabako mažmeninė prekyba","pašalinus sezono ir darbo dienų skaičiaus įtaką","palyginti su 2015 m.","proc.","55,3"
"2004M10","Mažmeninės prekybos, variklinių transporto priemonių, maitinimo įmonių apyvartos (be PVM) indeksai to meto kainomis (2015 m. – 100)","Maisto, gėrimų ir tabako mažmeninė prekyba","pašalinus sezono ir darbo dienų skaičiaus įtaką","palyginti su 2015 m.","proc.","54,8"
"2004M09","Mažmeninės prekybos, variklinių transporto priemonių, maitinimo įmonių apyvartos (be PVM) indeksai to meto kainomis (2015 m. – 100)","Maisto, gėrimų ir tabako mažmeninė prekyba","pašalinus sezono ir darbo dienų skaičiaus įtaką","palyginti su 2015 m.","proc.","54,2"
"2004M08","Mažmeninės prekybos, variklinių transporto priemonių, maitinimo įmonių apyvartos (be PVM) indeksai to meto kainomis (2015 m. – 100)","Maisto, gėrimų ir tabako mažmeninė prekyba","pašalinus sezono ir darbo dienų skaičiaus įtaką","palyginti su 2015 m.","proc.","53,6"
"2004M07","Mažmeninės prekybos, variklinių transporto priemonių, maitinimo įmonių apyvartos (be PVM) indeksai to meto kainomis (2015 m. – 100)","Maisto, gėrimų ir tabako mažmeninė prekyba","pašalinus sezono ir darbo dienų skaičiaus įtaką","palyginti su 2015 m.","proc.","52,9"
"2004M06","Mažmeninės prekybos, variklinių transporto priemonių, maitinimo įmonių apyvartos (be PVM) indeksai to meto kainomis (2015 m. – 100)","Maisto, gėrimų ir tabako mažmeninė prekyba","pašalinus sezono ir darbo dienų skaičiaus įtaką","palyginti su 2015 m.","proc.","52,4"
"2004M05","Mažmeninės prekybos, variklinių transporto priemonių, maitinimo įmonių apyvartos (be PVM) indeksai to meto kainomis (2015 m. – 100)","Maisto, gėrimų ir tabako mažmeninė prekyba","pašalinus sezono ir darbo dienų skaičiaus įtaką","palyginti su 2015 m.","proc.","51,8"
"2004M04","Mažmeninės prekybos, variklinių transporto priemonių, maitinimo įmonių apyvartos (be PVM) indeksai to meto kainomis (2015 m. – 100)","Maisto, gėrimų ir tabako mažmeninė prekyba","pašalinus sezono ir darbo dienų skaičiaus įtaką","palyginti su 2015 m.","proc.","52,9"
"2004M03","Mažmeninės prekybos, variklinių transporto priemonių, maitinimo įmonių apyvartos (be PVM) indeksai to meto kainomis (2015 m. – 100)","Maisto, gėrimų ir tabako mažmeninė prekyba","pašalinus sezono ir darbo dienų skaičiaus įtaką","palyginti su 2015 m.","proc.","51,6"
"2004M02","Mažmeninės prekybos, variklinių transporto priemonių, maitinimo įmonių apyvartos (be PVM) indeksai to meto kainomis (2015 m. – 100)","Maisto, gėrimų ir tabako mažmeninė prekyba","pašalinus sezono ir darbo dienų skaičiaus įtaką","palyginti su 2015 m.","proc.","50,7"
"2004M01","Mažmeninės prekybos, variklinių transporto priemonių, maitinimo įmonių apyvartos (be PVM) indeksai to meto kainomis (2015 m. – 100)","Maisto, gėrimų ir tabako mažmeninė prekyba","pašalinus sezono ir darbo dienų skaičiaus įtaką","palyginti su 2015 m.","proc.","51,1"
"2003M12","Mažmeninės prekybos, variklinių transporto priemonių, maitinimo įmonių apyvartos (be PVM) indeksai to meto kainomis (2015 m. – 100)","Maisto, gėrimų ir tabako mažmeninė prekyba","pašalinus sezono ir darbo dienų skaičiaus įtaką","palyginti su 2015 m.","proc.","51,2"
"2003M11","Mažmeninės prekybos, variklinių transporto priemonių, maitinimo įmonių apyvartos (be PVM) indeksai to meto kainomis (2015 m. – 100)","Maisto, gėrimų ir tabako mažmeninė prekyba","pašalinus sezono ir darbo dienų skaičiaus įtaką","palyginti su 2015 m.","proc.","50,4"
"2003M10","Mažmeninės prekybos, variklinių transporto priemonių, maitinimo įmonių apyvartos (be PVM) indeksai to meto kainomis (2015 m. – 100)","Maisto, gėrimų ir tabako mažmeninė prekyba","pašalinus sezono ir darbo dienų skaičiaus įtaką","palyginti su 2015 m.","proc.","50,3"
"2003M09","Mažmeninės prekybos, variklinių transporto priemonių, maitinimo įmonių apyvartos (be PVM) indeksai to meto kainomis (2015 m. – 100)","Maisto, gėrimų ir tabako mažmeninė prekyba","pašalinus sezono ir darbo dienų skaičiaus įtaką","palyginti su 2015 m.","proc.","49,7"
"2003M08","Mažmeninės prekybos, variklinių transporto priemonių, maitinimo įmonių apyvartos (be PVM) indeksai to meto kainomis (2015 m. – 100)","Maisto, gėrimų ir tabako mažmeninė prekyba","pašalinus sezono ir darbo dienų skaičiaus įtaką","palyginti su 2015 m.","proc.","50,8"
"2003M07","Mažmeninės prekybos, variklinių transporto priemonių, maitinimo įmonių apyvartos (be PVM) indeksai to meto kainomis (2015 m. – 100)","Maisto, gėrimų ir tabako mažmeninė prekyba","pašalinus sezono ir darbo dienų skaičiaus įtaką","palyginti su 2015 m.","proc.","50,9"
"2003M06","Mažmeninės prekybos, variklinių transporto priemonių, maitinimo įmonių apyvartos (be PVM) indeksai to meto kainomis (2015 m. – 100)","Maisto, gėrimų ir tabako mažmeninė prekyba","pašalinus sezono ir darbo dienų skaičiaus įtaką","palyginti su 2015 m.","proc.","46,8"
"2003M05","Mažmeninės prekybos, variklinių transporto priemonių, maitinimo įmonių apyvartos (be PVM) indeksai to meto kainomis (2015 m. – 100)","Maisto, gėrimų ir tabako mažmeninė prekyba","pašalinus sezono ir darbo dienų skaičiaus įtaką","palyginti su 2015 m.","proc.","46,7"
"2003M04","Mažmeninės prekybos, variklinių transporto priemonių, maitinimo įmonių apyvartos (be PVM) indeksai to meto kainomis (2015 m. – 100)","Maisto, gėrimų ir tabako mažmeninė prekyba","pašalinus sezono ir darbo dienų skaičiaus įtaką","palyginti su 2015 m.","proc.","45,8"
"2003M03","Mažmeninės prekybos, variklinių transporto priemonių, maitinimo įmonių apyvartos (be PVM) indeksai to meto kainomis (2015 m. – 100)","Maisto, gėrimų ir tabako mažmeninė prekyba","pašalinus sezono ir darbo dienų skaičiaus įtaką","palyginti su 2015 m.","proc.","45,7"
"2003M02","Mažmeninės prekybos, variklinių transporto priemonių, maitinimo įmonių apyvartos (be PVM) indeksai to meto kainomis (2015 m. – 100)","Maisto, gėrimų ir tabako mažmeninė prekyba","pašalinus sezono ir darbo dienų skaičiaus įtaką","palyginti su 2015 m.","proc.","45,7"
"2003M01","Mažmeninės prekybos, variklinių transporto priemonių, maitinimo įmonių apyvartos (be PVM) indeksai to meto kainomis (2015 m. – 100)","Maisto, gėrimų ir tabako mažmeninė prekyba","pašalinus sezono ir darbo dienų skaičiaus įtaką","palyginti su 2015 m.","proc.","45,0"
"2002M12","Mažmeninės prekybos, variklinių transporto priemonių, maitinimo įmonių apyvartos (be PVM) indeksai to meto kainomis (2015 m. – 100)","Maisto, gėrimų ir tabako mažmeninė prekyba","pašalinus sezono ir darbo dienų skaičiaus įtaką","palyginti su 2015 m.","proc.","44,7"
"2002M11","Mažmeninės prekybos, variklinių transporto priemonių, maitinimo įmonių apyvartos (be PVM) indeksai to meto kainomis (2015 m. – 100)","Maisto, gėrimų ir tabako mažmeninė prekyba","pašalinus sezono ir darbo dienų skaičiaus įtaką","palyginti su 2015 m.","proc.","44,9"
"2002M10","Mažmeninės prekybos, variklinių transporto priemonių, maitinimo įmonių apyvartos (be PVM) indeksai to meto kainomis (2015 m. – 100)","Maisto, gėrimų ir tabako mažmeninė prekyba","pašalinus sezono ir darbo dienų skaičiaus įtaką","palyginti su 2015 m.","proc.","44,7"
"2002M09","Mažmeninės prekybos, variklinių transporto priemonių, maitinimo įmonių apyvartos (be PVM) indeksai to meto kainomis (2015 m. – 100)","Maisto, gėrimų ir tabako mažmeninė prekyba","pašalinus sezono ir darbo dienų skaičiaus įtaką","palyginti su 2015 m.","proc.","44,6"
"2002M08","Mažmeninės prekybos, variklinių transporto priemonių, maitinimo įmonių apyvartos (be PVM) indeksai to meto kainomis (2015 m. – 100)","Maisto, gėrimų ir tabako mažmeninė prekyba","pašalinus sezono ir darbo dienų skaičiaus įtaką","palyginti su 2015 m.","proc.","44,9"
"2002M07","Mažmeninės prekybos, variklinių transporto priemonių, maitinimo įmonių apyvartos (be PVM) indeksai to meto kainomis (2015 m. – 100)","Maisto, gėrimų ir tabako mažmeninė prekyba","pašalinus sezono ir darbo dienų skaičiaus įtaką","palyginti su 2015 m.","proc.","44,6"
"2002M06","Mažmeninės prekybos, variklinių transporto priemonių, maitinimo įmonių apyvartos (be PVM) indeksai to meto kainomis (2015 m. – 100)","Maisto, gėrimų ir tabako mažmeninė prekyba","pašalinus sezono ir darbo dienų skaičiaus įtaką","palyginti su 2015 m.","proc.","44,8"
"2002M05","Mažmeninės prekybos, variklinių transporto priemonių, maitinimo įmonių apyvartos (be PVM) indeksai to meto kainomis (2015 m. – 100)","Maisto, gėrimų ir tabako mažmeninė prekyba","pašalinus sezono ir darbo dienų skaičiaus įtaką","palyginti su 2015 m.","proc.","45,0"
"2002M04","Mažmeninės prekybos, variklinių transporto priemonių, maitinimo įmonių apyvartos (be PVM) indeksai to meto kainomis (2015 m. – 100)","Maisto, gėrimų ir tabako mažmeninė prekyba","pašalinus sezono ir darbo dienų skaičiaus įtaką","palyginti su 2015 m.","proc.","44,5"
"2002M03","Mažmeninės prekybos, variklinių transporto priemonių, maitinimo įmonių apyvartos (be PVM) indeksai to meto kainomis (2015 m. – 100)","Maisto, gėrimų ir tabako mažmeninė prekyba","pašalinus sezono ir darbo dienų skaičiaus įtaką","palyginti su 2015 m.","proc.","44,6"
"2002M02","Mažmeninės prekybos, variklinių transporto priemonių, maitinimo įmonių apyvartos (be PVM) indeksai to meto kainomis (2015 m. – 100)","Maisto, gėrimų ir tabako mažmeninė prekyba","pašalinus sezono ir darbo dienų skaičiaus įtaką","palyginti su 2015 m.","proc.","44,0"
"2002M01","Mažmeninės prekybos, variklinių transporto priemonių, maitinimo įmonių apyvartos (be PVM) indeksai to meto kainomis (2015 m. – 100)","Maisto, gėrimų ir tabako mažmeninė prekyba","pašalinus sezono ir darbo dienų skaičiaus įtaką","palyginti su 2015 m.","proc.","44,0"
"2001M12","Mažmeninės prekybos, variklinių transporto priemonių, maitinimo įmonių apyvartos (be PVM) indeksai to meto kainomis (2015 m. – 100)","Maisto, gėrimų ir tabako mažmeninė prekyba","pašalinus sezono ir darbo dienų skaičiaus įtaką","palyginti su 2015 m.","proc.","43,2"
"2001M11","Mažmeninės prekybos, variklinių transporto priemonių, maitinimo įmonių apyvartos (be PVM) indeksai to meto kainomis (2015 m. – 100)","Maisto, gėrimų ir tabako mažmeninė prekyba","pašalinus sezono ir darbo dienų skaičiaus įtaką","palyginti su 2015 m.","proc.","42,8"
"2001M10","Mažmeninės prekybos, variklinių transporto priemonių, maitinimo įmonių apyvartos (be PVM) indeksai to meto kainomis (2015 m. – 100)","Maisto, gėrimų ir tabako mažmeninė prekyba","pašalinus sezono ir darbo dienų skaičiaus įtaką","palyginti su 2015 m.","proc.","42,2"
"2001M09","Mažmeninės prekybos, variklinių transporto priemonių, maitinimo įmonių apyvartos (be PVM) indeksai to meto kainomis (2015 m. – 100)","Maisto, gėrimų ir tabako mažmeninė prekyba","pašalinus sezono ir darbo dienų skaičiaus įtaką","palyginti su 2015 m.","proc.","41,9"
"2001M08","Mažmeninės prekybos, variklinių transporto priemonių, maitinimo įmonių apyvartos (be PVM) indeksai to meto kainomis (2015 m. – 100)","Maisto, gėrimų ir tabako mažmeninė prekyba","pašalinus sezono ir darbo dienų skaičiaus įtaką","palyginti su 2015 m.","proc.","42,0"
"2001M07","Mažmeninės prekybos, variklinių transporto priemonių, maitinimo įmonių apyvartos (be PVM) indeksai to meto kainomis (2015 m. – 100)","Maisto, gėrimų ir tabako mažmeninė prekyba","pašalinus sezono ir darbo dienų skaičiaus įtaką","palyginti su 2015 m.","proc.","42,1"
"2001M06","Mažmeninės prekybos, variklinių transporto priemonių, maitinimo įmonių apyvartos (be PVM) indeksai to meto kainomis (2015 m. – 100)","Maisto, gėrimų ir tabako mažmeninė prekyba","pašalinus sezono ir darbo dienų skaičiaus įtaką","palyginti su 2015 m.","proc.","41,7"
"2001M05","Mažmeninės prekybos, variklinių transporto priemonių, maitinimo įmonių apyvartos (be PVM) indeksai to meto kainomis (2015 m. – 100)","Maisto, gėrimų ir tabako mažmeninė prekyba","pašalinus sezono ir darbo dienų skaičiaus įtaką","palyginti su 2015 m.","proc.","40,7"
"2001M04","Mažmeninės prekybos, variklinių transporto priemonių, maitinimo įmonių apyvartos (be PVM) indeksai to meto kainomis (2015 m. – 100)","Maisto, gėrimų ir tabako mažmeninė prekyba","pašalinus sezono ir darbo dienų skaičiaus įtaką","palyginti su 2015 m.","proc.","40,4"
"2001M03","Mažmeninės prekybos, variklinių transporto priemonių, maitinimo įmonių apyvartos (be PVM) indeksai to meto kainomis (2015 m. – 100)","Maisto, gėrimų ir tabako mažmeninė prekyba","pašalinus sezono ir darbo dienų skaičiaus įtaką","palyginti su 2015 m.","proc.","40,8"
"2001M02","Mažmeninės prekybos, variklinių transporto priemonių, maitinimo įmonių apyvartos (be PVM) indeksai to meto kainomis (2015 m. – 100)","Maisto, gėrimų ir tabako mažmeninė prekyba","pašalinus sezono ir darbo dienų skaičiaus įtaką","palyginti su 2015 m.","proc.","40,6"
"2001M01","Mažmeninės prekybos, variklinių transporto priemonių, maitinimo įmonių apyvartos (be PVM) indeksai to meto kainomis (2015 m. – 100)","Maisto, gėrimų ir tabako mažmeninė prekyba","pašalinus sezono ir darbo dienų skaičiaus įtaką","palyginti su 2015 m.","proc.","39,4"
"2000M12","Mažmeninės prekybos, variklinių transporto priemonių, maitinimo įmonių apyvartos (be PVM) indeksai to meto kainomis (2015 m. – 100)","Maisto, gėrimų ir tabako mažmeninė prekyba","pašalinus sezono ir darbo dienų skaičiaus įtaką","palyginti su 2015 m.","proc.","43,3"
"2000M11","Mažmeninės prekybos, variklinių transporto priemonių, maitinimo įmonių apyvartos (be PVM) indeksai to meto kainomis (2015 m. – 100)","Maisto, gėrimų ir tabako mažmeninė prekyba","pašalinus sezono ir darbo dienų skaičiaus įtaką","palyginti su 2015 m.","proc.","43,8"
"2000M10","Mažmeninės prekybos, variklinių transporto priemonių, maitinimo įmonių apyvartos (be PVM) indeksai to meto kainomis (2015 m. – 100)","Maisto, gėrimų ir tabako mažmeninė prekyba","pašalinus sezono ir darbo dienų skaičiaus įtaką","palyginti su 2015 m.","proc.","44,0"
"2000M09","Mažmeninės prekybos, variklinių transporto priemonių, maitinimo įmonių apyvartos (be PVM) indeksai to meto kainomis (2015 m. – 100)","Maisto, gėrimų ir tabako mažmeninė prekyba","pašalinus sezono ir darbo dienų skaičiaus įtaką","palyginti su 2015 m.","proc.","43,2"
"2000M08","Mažmeninės prekybos, variklinių transporto priemonių, maitinimo įmonių apyvartos (be PVM) indeksai to meto kainomis (2015 m. – 100)","Maisto, gėrimų ir tabako mažmeninė prekyba","pašalinus sezono ir darbo dienų skaičiaus įtaką","palyginti su 2015 m.","proc.","42,9"
"2000M07","Mažmeninės prekybos, variklinių transporto priemonių, maitinimo įmonių apyvartos (be PVM) indeksai to meto kainomis (2015 m. – 100)","Maisto, gėrimų ir tabako mažmeninė prekyba","pašalinus sezono ir darbo dienų skaičiaus įtaką","palyginti su 2015 m.","proc.","42,3"
"2000M06","Mažmeninės prekybos, variklinių transporto priemonių, maitinimo įmonių apyvartos (be PVM) indeksai to meto kainomis (2015 m. – 100)","Maisto, gėrimų ir tabako mažmeninė prekyba","pašalinus sezono ir darbo dienų skaičiaus įtaką","palyginti su 2015 m.","proc.","41,9"
"2000M05","Mažmeninės prekybos, variklinių transporto priemonių, maitinimo įmonių apyvartos (be PVM) indeksai to meto kainomis (2015 m. – 100)","Maisto, gėrimų ir tabako mažmeninė prekyba","pašalinus sezono ir darbo dienų skaičiaus įtaką","palyginti su 2015 m.","proc.","41,9"
"2000M04","Mažmeninės prekybos, variklinių transporto priemonių, maitinimo įmonių apyvartos (be PVM) indeksai to meto kainomis (2015 m. – 100)","Maisto, gėrimų ir tabako mažmeninė prekyba","pašalinus sezono ir darbo dienų skaičiaus įtaką","palyginti su 2015 m.","proc.","40,8"
"2000M03","Mažmeninės prekybos, variklinių transporto priemonių, maitinimo įmonių apyvartos (be PVM) indeksai to meto kainomis (2015 m. – 100)","Maisto, gėrimų ir tabako mažmeninė prekyba","pašalinus sezono ir darbo dienų skaičiaus įtaką","palyginti su 2015 m.","proc.","39,3"
"2000M02","Mažmeninės prekybos, variklinių transporto priemonių, maitinimo įmonių apyvartos (be PVM) indeksai to meto kainomis (2015 m. – 100)","Maisto, gėrimų ir tabako mažmeninė prekyba","pašalinus sezono ir darbo dienų skaičiaus įtaką","palyginti su 2015 m.","proc.","39,0"
"2000M01","Mažmeninės prekybos, variklinių transporto priemonių, maitinimo įmonių apyvartos (be PVM) indeksai to meto kainomis (2015 m. – 100)","Maisto, gėrimų ir tabako mažmeninė prekyba","pašalinus sezono ir darbo dienų skaičiaus įtaką","palyginti su 2015 m.","proc.","37,9"
"1999M12","Mažmeninės prekybos, variklinių transporto priemonių, maitinimo įmonių apyvartos (be PVM) indeksai to meto kainomis (2015 m. – 100)","Maisto, gėrimų ir tabako mažmeninė prekyba","pašalinus sezono ir darbo dienų skaičiaus įtaką","palyginti su 2015 m.","proc.","36,2"
"1999M11","Mažmeninės prekybos, variklinių transporto priemonių, maitinimo įmonių apyvartos (be PVM) indeksai to meto kainomis (2015 m. – 100)","Maisto, gėrimų ir tabako mažmeninė prekyba","pašalinus sezono ir darbo dienų skaičiaus įtaką","palyginti su 2015 m.","proc.","35,2"
"1999M10","Mažmeninės prekybos, variklinių transporto priemonių, maitinimo įmonių apyvartos (be PVM) indeksai to meto kainomis (2015 m. – 100)","Maisto, gėrimų ir tabako mažmeninė prekyba","pašalinus sezono ir darbo dienų skaičiaus įtaką","palyginti su 2015 m.","proc.","34,5"
"1999M09","Mažmeninės prekybos, variklinių transporto priemonių, maitinimo įmonių apyvartos (be PVM) indeksai to meto kainomis (2015 m. – 100)","Maisto, gėrimų ir tabako mažmeninė prekyba","pašalinus sezono ir darbo dienų skaičiaus įtaką","palyginti su 2015 m.","proc.","34,8"
"1999M08","Mažmeninės prekybos, variklinių transporto priemonių, maitinimo įmonių apyvartos (be PVM) indeksai to meto kainomis (2015 m. – 100)","Maisto, gėrimų ir tabako mažmeninė prekyba","pašalinus sezono ir darbo dienų skaičiaus įtaką","palyginti su 2015 m.","proc.","34,3"
"1999M07","Mažmeninės prekybos, variklinių transporto priemonių, maitinimo įmonių apyvartos (be PVM) indeksai to meto kainomis (2015 m. – 100)","Maisto, gėrimų ir tabako mažmeninė prekyba","pašalinus sezono ir darbo dienų skaičiaus įtaką","palyginti su 2015 m.","proc.","33,6"
"1999M06","Mažmeninės prekybos, variklinių transporto priemonių, maitinimo įmonių apyvartos (be PVM) indeksai to meto kainomis (2015 m. – 100)","Maisto, gėrimų ir tabako mažmeninė prekyba","pašalinus sezono ir darbo dienų skaičiaus įtaką","palyginti su 2015 m.","proc.","33,5"
"1999M05","Mažmeninės prekybos, variklinių transporto priemonių, maitinimo įmonių apyvartos (be PVM) indeksai to meto kainomis (2015 m. – 100)","Maisto, gėrimų ir tabako mažmeninė prekyba","pašalinus sezono ir darbo dienų skaičiaus įtaką","palyginti su 2015 m.","proc.","33,5"
"1999M04","Mažmeninės prekybos, variklinių transporto priemonių, maitinimo įmonių apyvartos (be PVM) indeksai to meto kainomis (2015 m. – 100)","Maisto, gėrimų ir tabako mažmeninė prekyba","pašalinus sezono ir darbo dienų skaičiaus įtaką","palyginti su 2015 m.","proc.","33,7"
"1999M03","Mažmeninės prekybos, variklinių transporto priemonių, maitinimo įmonių apyvartos (be PVM) indeksai to meto kainomis (2015 m. – 100)","Maisto, gėrimų ir tabako mažmeninė prekyba","pašalinus sezono ir darbo dienų skaičiaus įtaką","palyginti su 2015 m.","proc.","34,1"
"1999M02","Mažmeninės prekybos, variklinių transporto priemonių, maitinimo įmonių apyvartos (be PVM) indeksai to meto kainomis (2015 m. – 100)","Maisto, gėrimų ir tabako mažmeninė prekyba","pašalinus sezono ir darbo dienų skaičiaus įtaką","palyginti su 2015 m.","proc.","33,7"
"1999M01","Mažmeninės prekybos, variklinių transporto priemonių, maitinimo įmonių apyvartos (be PVM) indeksai to meto kainomis (2015 m. – 100)","Maisto, gėrimų ir tabako mažmeninė prekyba","pašalinus sezono ir darbo dienų skaičiaus įtaką","palyginti su 2015 m.","proc.","33,4"
"1998M12","Mažmeninės prekybos, variklinių transporto priemonių, maitinimo įmonių apyvartos (be PVM) indeksai to meto kainomis (2015 m. – 100)","Maisto, gėrimų ir tabako mažmeninė prekyba","pašalinus sezono ir darbo dienų skaičiaus įtaką","palyginti su 2015 m.","proc.","34,8"
"1998M11","Mažmeninės prekybos, variklinių transporto priemonių, maitinimo įmonių apyvartos (be PVM) indeksai to meto kainomis (2015 m. – 100)","Maisto, gėrimų ir tabako mažmeninė prekyba","pašalinus sezono ir darbo dienų skaičiaus įtaką","palyginti su 2015 m.","proc.","35,2"
"1998M10","Mažmeninės prekybos, variklinių transporto priemonių, maitinimo įmonių apyvartos (be PVM) indeksai to meto kainomis (2015 m. – 100)","Maisto, gėrimų ir tabako mažmeninė prekyba","pašalinus sezono ir darbo dienų skaičiaus įtaką","palyginti su 2015 m.","proc.","36,0"
"1998M09","Mažmeninės prekybos, variklinių transporto priemonių, maitinimo įmonių apyvartos (be PVM) indeksai to meto kainomis (2015 m. – 100)","Maisto, gėrimų ir tabako mažmeninė prekyba","pašalinus sezono ir darbo dienų skaičiaus įtaką","palyginti su 2015 m.","proc.","37,8"
"1998M08","Mažmeninės prekybos, variklinių transporto priemonių, maitinimo įmonių apyvartos (be PVM) indeksai to meto kainomis (2015 m. – 100)","Maisto, gėrimų ir tabako mažmeninė prekyba","pašalinus sezono ir darbo dienų skaičiaus įtaką","palyginti su 2015 m.","proc.","36,2"
"1998M07","Mažmeninės prekybos, variklinių transporto priemonių, maitinimo įmonių apyvartos (be PVM) indeksai to meto kainomis (2015 m. – 100)","Maisto, gėrimų ir tabako mažmeninė prekyba","pašalinus sezono ir darbo dienų skaičiaus įtaką","palyginti su 2015 m.","proc.","36,8"
"1998M06","Mažmeninės prekybos, variklinių transporto priemonių, maitinimo įmonių apyvartos (be PVM) indeksai to meto kainomis (2015 m. – 100)","Maisto, gėrimų ir tabako mažmeninė prekyba","pašalinus sezono ir darbo dienų skaičiaus įtaką","palyginti su 2015 m.","proc.","37,8"
"1998M05","Mažmeninės prekybos, variklinių transporto priemonių, maitinimo įmonių apyvartos (be PVM) indeksai to meto kainomis (2015 m. – 100)","Maisto, gėrimų ir tabako mažmeninė prekyba","pašalinus sezono ir darbo dienų skaičiaus įtaką","palyginti su 2015 m.","proc.","36,9"
"1998M04","Mažmeninės prekybos, variklinių transporto priemonių, maitinimo įmonių apyvartos (be PVM) indeksai to meto kainomis (2015 m. – 100)","Maisto, gėrimų ir tabako mažmeninė prekyba","pašalinus sezono ir darbo dienų skaičiaus įtaką","palyginti su 2015 m.","proc.","36,4"
"1998M03","Mažmeninės prekybos, variklinių transporto priemonių, maitinimo įmonių apyvartos (be PVM) indeksai to meto kainomis (2015 m. – 100)","Maisto, gėrimų ir tabako mažmeninė prekyba","pašalinus sezono ir darbo dienų skaičiaus įtaką","palyginti su 2015 m.","proc.","37,3"
"1998M02","Mažmeninės prekybos, variklinių transporto priemonių, maitinimo įmonių apyvartos (be PVM) indeksai to meto kainomis (2015 m. – 100)","Maisto, gėrimų ir tabako mažmeninė prekyba","pašalinus sezono ir darbo dienų skaičiaus įtaką","palyginti su 2015 m.","proc.","36,6"
"1998M01","Mažmeninės prekybos, variklinių transporto priemonių, maitinimo įmonių apyvartos (be PVM) indeksai to meto kainomis (2015 m. – 100)","Maisto, gėrimų ir tabako mažmeninė prekyba","pašalinus sezono ir darbo dienų skaičiaus įtaką","palyginti su 2015 m.","proc.","36,7"
