"Laikotarpis","Rodiklis","Lytis","Amžius (15–24, 15–74)","Matavimo vienetai","Reikšmė"
"2018M01","Nedarbo lygis, pašalinus sezono įtaką","Vyrai","15–74","proc.","8,4"
"2018M01","Nedarbo lygis, pašalinus sezono įtaką","Moterys","15–74","proc.","6,3"
"2017M12","Nedarbo lygis, pašalinus sezono įtaką","Vyrai","15–74","proc.","8,0"
"2017M12","Nedarbo lygis, pašalinus sezono įtaką","Moterys","15–74","proc.","5,7"
"2017M11","Nedarbo lygis, pašalinus sezono įtaką","Vyrai","15–74","proc.","8,0"
"2017M11","Nedarbo lygis, pašalinus sezono įtaką","Moterys","15–74","proc.","5,4"
"2017M10","Nedarbo lygis, pašalinus sezono įtaką","Vyrai","15–74","proc.","8,0"
"2017M10","Nedarbo lygis, pašalinus sezono įtaką","Moterys","15–74","proc.","5,4"
"2017M09","Nedarbo lygis, pašalinus sezono įtaką","Vyrai","15–74","proc.","8,2"
"2017M09","Nedarbo lygis, pašalinus sezono įtaką","Moterys","15–74","proc.","5,6"
"2017M08","Nedarbo lygis, pašalinus sezono įtaką","Vyrai","15–74","proc.","8,1"
"2017M08","Nedarbo lygis, pašalinus sezono įtaką","Moterys","15–74","proc.","5,5"
"2017M07","Nedarbo lygis, pašalinus sezono įtaką","Vyrai","15–74","proc.","8,3"
"2017M07","Nedarbo lygis, pašalinus sezono įtaką","Moterys","15–74","proc.","5,6"
"2017M06","Nedarbo lygis, pašalinus sezono įtaką","Vyrai","15–74","proc.","8,5"
"2017M06","Nedarbo lygis, pašalinus sezono įtaką","Moterys","15–74","proc.","5,4"
"2017M05","Nedarbo lygis, pašalinus sezono įtaką","Vyrai","15–74","proc.","8,7"
"2017M05","Nedarbo lygis, pašalinus sezono įtaką","Moterys","15–74","proc.","5,6"
"2017M04","Nedarbo lygis, pašalinus sezono įtaką","Vyrai","15–74","proc.","9,2"
"2017M04","Nedarbo lygis, pašalinus sezono įtaką","Moterys","15–74","proc.","5,8"
"2017M03","Nedarbo lygis, pašalinus sezono įtaką","Vyrai","15–74","proc.","9,1"
"2017M03","Nedarbo lygis, pašalinus sezono įtaką","Moterys","15–74","proc.","6,0"
"2017M02","Nedarbo lygis, pašalinus sezono įtaką","Vyrai","15–74","proc.","9,3"
"2017M02","Nedarbo lygis, pašalinus sezono įtaką","Moterys","15–74","proc.","6,2"
"2017M01","Nedarbo lygis, pašalinus sezono įtaką","Vyrai","15–74","proc.","9,4"
"2017M01","Nedarbo lygis, pašalinus sezono įtaką","Moterys","15–74","proc.","6,2"
"2016M12","Nedarbo lygis, pašalinus sezono įtaką","Vyrai","15–74","proc.","9,1"
"2016M12","Nedarbo lygis, pašalinus sezono įtaką","Moterys","15–74","proc.","6,3"
"2016M11","Nedarbo lygis, pašalinus sezono įtaką","Vyrai","15–74","proc.","9,0"
"2016M11","Nedarbo lygis, pašalinus sezono įtaką","Moterys","15–74","proc.","6,3"
"2016M10","Nedarbo lygis, pašalinus sezono įtaką","Vyrai","15–74","proc.","9,0"
"2016M10","Nedarbo lygis, pašalinus sezono įtaką","Moterys","15–74","proc.","6,4"
"2016M09","Nedarbo lygis, pašalinus sezono įtaką","Vyrai","15–74","proc.","8,9"
"2016M09","Nedarbo lygis, pašalinus sezono įtaką","Moterys","15–74","proc.","6,6"
"2016M08","Nedarbo lygis, pašalinus sezono įtaką","Vyrai","15–74","proc.","9,0"
"2016M08","Nedarbo lygis, pašalinus sezono įtaką","Moterys","15–74","proc.","6,6"
"2016M07","Nedarbo lygis, pašalinus sezono įtaką","Vyrai","15–74","proc.","9,3"
"2016M07","Nedarbo lygis, pašalinus sezono įtaką","Moterys","15–74","proc.","6,7"
"2016M06","Nedarbo lygis, pašalinus sezono įtaką","Vyrai","15–74","proc.","9,2"
"2016M06","Nedarbo lygis, pašalinus sezono įtaką","Moterys","15–74","proc.","6,9"
"2016M05","Nedarbo lygis, pašalinus sezono įtaką","Vyrai","15–74","proc.","9,4"
"2016M05","Nedarbo lygis, pašalinus sezono įtaką","Moterys","15–74","proc.","7,0"
"2016M04","Nedarbo lygis, pašalinus sezono įtaką","Vyrai","15–74","proc.","8,9"
"2016M04","Nedarbo lygis, pašalinus sezono įtaką","Moterys","15–74","proc.","6,8"
"2016M03","Nedarbo lygis, pašalinus sezono įtaką","Vyrai","15–74","proc.","9,5"
"2016M03","Nedarbo lygis, pašalinus sezono įtaką","Moterys","15–74","proc.","6,9"
"2016M02","Nedarbo lygis, pašalinus sezono įtaką","Vyrai","15–74","proc.","9,3"
"2016M02","Nedarbo lygis, pašalinus sezono įtaką","Moterys","15–74","proc.","6,9"
"2016M01","Nedarbo lygis, pašalinus sezono įtaką","Vyrai","15–74","proc.","9,1"
"2016M01","Nedarbo lygis, pašalinus sezono įtaką","Moterys","15–74","proc.","7,1"
"2015M12","Nedarbo lygis, pašalinus sezono įtaką","Vyrai","15–74","proc.","9,3"
"2015M12","Nedarbo lygis, pašalinus sezono įtaką","Moterys","15–74","proc.","7,8"
"2015M11","Nedarbo lygis, pašalinus sezono įtaką","Vyrai","15–74","proc.","9,5"
"2015M11","Nedarbo lygis, pašalinus sezono įtaką","Moterys","15–74","proc.","7,9"
"2015M10","Nedarbo lygis, pašalinus sezono įtaką","Vyrai","15–74","proc.","10,0"
"2015M10","Nedarbo lygis, pašalinus sezono įtaką","Moterys","15–74","proc.","8,1"
"2015M09","Nedarbo lygis, pašalinus sezono įtaką","Vyrai","15–74","proc.","10,1"
"2015M09","Nedarbo lygis, pašalinus sezono įtaką","Moterys","15–74","proc.","8,1"
"2015M08","Nedarbo lygis, pašalinus sezono įtaką","Vyrai","15–74","proc.","10,2"
"2015M08","Nedarbo lygis, pašalinus sezono įtaką","Moterys","15–74","proc.","8,3"
"2015M07","Nedarbo lygis, pašalinus sezono įtaką","Vyrai","15–74","proc.","10,2"
"2015M07","Nedarbo lygis, pašalinus sezono įtaką","Moterys","15–74","proc.","8,3"
"2015M06","Nedarbo lygis, pašalinus sezono įtaką","Vyrai","15–74","proc.","10,5"
"2015M06","Nedarbo lygis, pašalinus sezono įtaką","Moterys","15–74","proc.","8,2"
"2015M05","Nedarbo lygis, pašalinus sezono įtaką","Vyrai","15–74","proc.","10,4"
"2015M05","Nedarbo lygis, pašalinus sezono įtaką","Moterys","15–74","proc.","8,1"
"2015M04","Nedarbo lygis, pašalinus sezono įtaką","Vyrai","15–74","proc.","10,4"
"2015M04","Nedarbo lygis, pašalinus sezono įtaką","Moterys","15–74","proc.","8,1"
"2015M03","Nedarbo lygis, pašalinus sezono įtaką","Vyrai","15–74","proc.","9,9"
"2015M03","Nedarbo lygis, pašalinus sezono įtaką","Moterys","15–74","proc.","8,2"
"2015M02","Nedarbo lygis, pašalinus sezono įtaką","Vyrai","15–74","proc.","10,2"
"2015M02","Nedarbo lygis, pašalinus sezono įtaką","Moterys","15–74","proc.","8,3"
"2015M01","Nedarbo lygis, pašalinus sezono įtaką","Vyrai","15–74","proc.","10,7"
"2015M01","Nedarbo lygis, pašalinus sezono įtaką","Moterys","15–74","proc.","8,6"
"2014M12","Nedarbo lygis, pašalinus sezono įtaką","Vyrai","15–74","proc.","11,7"
"2014M12","Nedarbo lygis, pašalinus sezono įtaką","Moterys","15–74","proc.","8,8"
"2014M11","Nedarbo lygis, pašalinus sezono įtaką","Vyrai","15–74","proc.","12,0"
"2014M11","Nedarbo lygis, pašalinus sezono įtaką","Moterys","15–74","proc.","9,0"
"2014M10","Nedarbo lygis, pašalinus sezono įtaką","Vyrai","15–74","proc.","11,7"
"2014M10","Nedarbo lygis, pašalinus sezono įtaką","Moterys","15–74","proc.","9,0"
"2014M09","Nedarbo lygis, pašalinus sezono įtaką","Vyrai","15–74","proc.","11,3"
"2014M09","Nedarbo lygis, pašalinus sezono įtaką","Moterys","15–74","proc.","8,7"
"2014M08","Nedarbo lygis, pašalinus sezono įtaką","Vyrai","15–74","proc.","11,8"
"2014M08","Nedarbo lygis, pašalinus sezono įtaką","Moterys","15–74","proc.","8,9"
"2014M07","Nedarbo lygis, pašalinus sezono įtaką","Vyrai","15–74","proc.","12,0"
"2014M07","Nedarbo lygis, pašalinus sezono įtaką","Moterys","15–74","proc.","8,9"
"2014M06","Nedarbo lygis, pašalinus sezono įtaką","Vyrai","15–74","proc.","12,8"
"2014M06","Nedarbo lygis, pašalinus sezono įtaką","Moterys","15–74","proc.","9,1"
"2014M05","Nedarbo lygis, pašalinus sezono įtaką","Vyrai","15–74","proc.","13,1"
"2014M05","Nedarbo lygis, pašalinus sezono įtaką","Moterys","15–74","proc.","9,2"
"2014M04","Nedarbo lygis, pašalinus sezono įtaką","Vyrai","15–74","proc.","12,6"
"2014M04","Nedarbo lygis, pašalinus sezono įtaką","Moterys","15–74","proc.","9,3"
"2014M03","Nedarbo lygis, pašalinus sezono įtaką","Vyrai","15–74","proc.","12,3"
"2014M03","Nedarbo lygis, pašalinus sezono įtaką","Moterys","15–74","proc.","9,7"
"2014M02","Nedarbo lygis, pašalinus sezono įtaką","Vyrai","15–74","proc.","12,6"
"2014M02","Nedarbo lygis, pašalinus sezono įtaką","Moterys","15–74","proc.","10,1"
"2014M01","Nedarbo lygis, pašalinus sezono įtaką","Vyrai","15–74","proc.","12,7"
"2014M01","Nedarbo lygis, pašalinus sezono įtaką","Moterys","15–74","proc.","10,4"
"2013M12","Nedarbo lygis, pašalinus sezono įtaką","Vyrai","15–74","proc.","12,7"
"2013M12","Nedarbo lygis, pašalinus sezono įtaką","Moterys","15–74","proc.","10,5"
"2013M11","Nedarbo lygis, pašalinus sezono įtaką","Vyrai","15–74","proc.","12,9"
"2013M11","Nedarbo lygis, pašalinus sezono įtaką","Moterys","15–74","proc.","10,5"
"2013M10","Nedarbo lygis, pašalinus sezono įtaką","Vyrai","15–74","proc.","13,0"
"2013M10","Nedarbo lygis, pašalinus sezono įtaką","Moterys","15–74","proc.","10,4"
"2013M09","Nedarbo lygis, pašalinus sezono įtaką","Vyrai","15–74","proc.","13,0"
"2013M09","Nedarbo lygis, pašalinus sezono įtaką","Moterys","15–74","proc.","10,3"
"2013M08","Nedarbo lygis, pašalinus sezono įtaką","Vyrai","15–74","proc.","13,1"
"2013M08","Nedarbo lygis, pašalinus sezono įtaką","Moterys","15–74","proc.","10,4"
"2013M07","Nedarbo lygis, pašalinus sezono įtaką","Vyrai","15–74","proc.","13,0"
"2013M07","Nedarbo lygis, pašalinus sezono įtaką","Moterys","15–74","proc.","10,4"
"2013M06","Nedarbo lygis, pašalinus sezono įtaką","Vyrai","15–74","proc.","12,9"
"2013M06","Nedarbo lygis, pašalinus sezono įtaką","Moterys","15–74","proc.","10,4"
"2013M05","Nedarbo lygis, pašalinus sezono įtaką","Vyrai","15–74","proc.","12,9"
"2013M05","Nedarbo lygis, pašalinus sezono įtaką","Moterys","15–74","proc.","10,6"
"2013M04","Nedarbo lygis, pašalinus sezono įtaką","Vyrai","15–74","proc.","13,2"
"2013M04","Nedarbo lygis, pašalinus sezono įtaką","Moterys","15–74","proc.","10,6"
"2013M03","Nedarbo lygis, pašalinus sezono įtaką","Vyrai","15–74","proc.","13,3"
"2013M03","Nedarbo lygis, pašalinus sezono įtaką","Moterys","15–74","proc.","10,3"
"2013M02","Nedarbo lygis, pašalinus sezono įtaką","Vyrai","15–74","proc.","13,6"
"2013M02","Nedarbo lygis, pašalinus sezono įtaką","Moterys","15–74","proc.","10,4"
"2013M01","Nedarbo lygis, pašalinus sezono įtaką","Vyrai","15–74","proc.","13,9"
"2013M01","Nedarbo lygis, pašalinus sezono įtaką","Moterys","15–74","proc.","11,0"
"2012M12","Nedarbo lygis, pašalinus sezono įtaką","Vyrai","15–74","proc.","14,1"
"2012M12","Nedarbo lygis, pašalinus sezono įtaką","Moterys","15–74","proc.","11,5"
"2012M11","Nedarbo lygis, pašalinus sezono įtaką","Vyrai","15–74","proc.","14,4"
"2012M11","Nedarbo lygis, pašalinus sezono įtaką","Moterys","15–74","proc.","11,7"
"2012M10","Nedarbo lygis, pašalinus sezono įtaką","Vyrai","15–74","proc.","14,6"
"2012M10","Nedarbo lygis, pašalinus sezono įtaką","Moterys","15–74","proc.","11,7"
"2012M09","Nedarbo lygis, pašalinus sezono įtaką","Vyrai","15–74","proc.","14,9"
"2012M09","Nedarbo lygis, pašalinus sezono įtaką","Moterys","15–74","proc.","11,4"
"2012M08","Nedarbo lygis, pašalinus sezono įtaką","Vyrai","15–74","proc.","15,0"
"2012M08","Nedarbo lygis, pašalinus sezono įtaką","Moterys","15–74","proc.","11,2"
"2012M07","Nedarbo lygis, pašalinus sezono įtaką","Vyrai","15–74","proc.","15,1"
"2012M07","Nedarbo lygis, pašalinus sezono įtaką","Moterys","15–74","proc.","11,2"
"2012M06","Nedarbo lygis, pašalinus sezono įtaką","Vyrai","15–74","proc.","15,2"
"2012M06","Nedarbo lygis, pašalinus sezono įtaką","Moterys","15–74","proc.","11,5"
"2012M05","Nedarbo lygis, pašalinus sezono įtaką","Vyrai","15–74","proc.","15,3"
"2012M05","Nedarbo lygis, pašalinus sezono įtaką","Moterys","15–74","proc.","11,6"
"2012M04","Nedarbo lygis, pašalinus sezono įtaką","Vyrai","15–74","proc.","15,6"
"2012M04","Nedarbo lygis, pašalinus sezono įtaką","Moterys","15–74","proc.","11,8"
"2012M03","Nedarbo lygis, pašalinus sezono įtaką","Vyrai","15–74","proc.","16,2"
"2012M03","Nedarbo lygis, pašalinus sezono įtaką","Moterys","15–74","proc.","11,9"
"2012M02","Nedarbo lygis, pašalinus sezono įtaką","Vyrai","15–74","proc.","16,3"
"2012M02","Nedarbo lygis, pašalinus sezono įtaką","Moterys","15–74","proc.","11,9"
"2012M01","Nedarbo lygis, pašalinus sezono įtaką","Vyrai","15–74","proc.","16,0"
"2012M01","Nedarbo lygis, pašalinus sezono įtaką","Moterys","15–74","proc.","11,8"
"2011M12","Nedarbo lygis, pašalinus sezono įtaką","Vyrai","15–74","proc.","15,5"
"2011M12","Nedarbo lygis, pašalinus sezono įtaką","Moterys","15–74","proc.","11,5"
"2011M11","Nedarbo lygis, pašalinus sezono įtaką","Vyrai","15–74","proc.","15,6"
"2011M11","Nedarbo lygis, pašalinus sezono įtaką","Moterys","15–74","proc.","11,5"
"2011M10","Nedarbo lygis, pašalinus sezono įtaką","Vyrai","15–74","proc.","16,2"
"2011M10","Nedarbo lygis, pašalinus sezono įtaką","Moterys","15–74","proc.","11,8"
"2011M09","Nedarbo lygis, pašalinus sezono įtaką","Vyrai","15–74","proc.","17,4"
"2011M09","Nedarbo lygis, pašalinus sezono įtaką","Moterys","15–74","proc.","12,4"
"2011M08","Nedarbo lygis, pašalinus sezono įtaką","Vyrai","15–74","proc.","18,2"
"2011M08","Nedarbo lygis, pašalinus sezono įtaką","Moterys","15–74","proc.","12,7"
"2011M07","Nedarbo lygis, pašalinus sezono įtaką","Vyrai","15–74","proc.","18,6"
"2011M07","Nedarbo lygis, pašalinus sezono įtaką","Moterys","15–74","proc.","12,9"
"2011M06","Nedarbo lygis, pašalinus sezono įtaką","Vyrai","15–74","proc.","18,5"
"2011M06","Nedarbo lygis, pašalinus sezono įtaką","Moterys","15–74","proc.","12,8"
"2011M05","Nedarbo lygis, pašalinus sezono įtaką","Vyrai","15–74","proc.","18,6"
"2011M05","Nedarbo lygis, pašalinus sezono įtaką","Moterys","15–74","proc.","13,0"
"2011M04","Nedarbo lygis, pašalinus sezono įtaką","Vyrai","15–74","proc.","18,8"
"2011M04","Nedarbo lygis, pašalinus sezono įtaką","Moterys","15–74","proc.","13,3"
"2011M03","Nedarbo lygis, pašalinus sezono įtaką","Vyrai","15–74","proc.","19,0"
"2011M03","Nedarbo lygis, pašalinus sezono įtaką","Moterys","15–74","proc.","13,9"
"2011M02","Nedarbo lygis, pašalinus sezono įtaką","Vyrai","15–74","proc.","19,3"
"2011M02","Nedarbo lygis, pašalinus sezono įtaką","Moterys","15–74","proc.","14,4"
"2011M01","Nedarbo lygis, pašalinus sezono įtaką","Vyrai","15–74","proc.","19,6"
"2011M01","Nedarbo lygis, pašalinus sezono įtaką","Moterys","15–74","proc.","14,8"
"2010M12","Nedarbo lygis, pašalinus sezono įtaką","Vyrai","15–74","proc.","20,0"
"2010M12","Nedarbo lygis, pašalinus sezono įtaką","Moterys","15–74","proc.","14,9"
"2010M11","Nedarbo lygis, pašalinus sezono įtaką","Vyrai","15–74","proc.","20,3"
"2010M11","Nedarbo lygis, pašalinus sezono įtaką","Moterys","15–74","proc.","15,1"
"2010M10","Nedarbo lygis, pašalinus sezono įtaką","Vyrai","15–74","proc.","20,7"
"2010M10","Nedarbo lygis, pašalinus sezono įtaką","Moterys","15–74","proc.","15,2"
"2010M09","Nedarbo lygis, pašalinus sezono įtaką","Vyrai","15–74","proc.","20,9"
"2010M09","Nedarbo lygis, pašalinus sezono įtaką","Moterys","15–74","proc.","15,3"
"2010M08","Nedarbo lygis, pašalinus sezono įtaką","Vyrai","15–74","proc.","21,2"
"2010M08","Nedarbo lygis, pašalinus sezono įtaką","Moterys","15–74","proc.","15,2"
"2010M07","Nedarbo lygis, pašalinus sezono įtaką","Vyrai","15–74","proc.","21,6"
"2010M07","Nedarbo lygis, pašalinus sezono įtaką","Moterys","15–74","proc.","15,1"
"2010M06","Nedarbo lygis, pašalinus sezono įtaką","Vyrai","15–74","proc.","21,8"
"2010M06","Nedarbo lygis, pašalinus sezono įtaką","Moterys","15–74","proc.","14,9"
"2010M05","Nedarbo lygis, pašalinus sezono įtaką","Vyrai","15–74","proc.","21,9"
"2010M05","Nedarbo lygis, pašalinus sezono įtaką","Moterys","15–74","proc.","14,6"
"2010M04","Nedarbo lygis, pašalinus sezono įtaką","Vyrai","15–74","proc.","22,0"
"2010M04","Nedarbo lygis, pašalinus sezono įtaką","Moterys","15–74","proc.","14,3"
"2010M03","Nedarbo lygis, pašalinus sezono įtaką","Vyrai","15–74","proc.","21,8"
"2010M03","Nedarbo lygis, pašalinus sezono įtaką","Moterys","15–74","proc.","13,8"
"2010M02","Nedarbo lygis, pašalinus sezono įtaką","Vyrai","15–74","proc.","21,6"
"2010M02","Nedarbo lygis, pašalinus sezono įtaką","Moterys","15–74","proc.","13,4"
"2010M01","Nedarbo lygis, pašalinus sezono įtaką","Vyrai","15–74","proc.","20,9"
"2010M01","Nedarbo lygis, pašalinus sezono įtaką","Moterys","15–74","proc.","12,6"
"2009M12","Nedarbo lygis, pašalinus sezono įtaką","Vyrai","15–74","proc.","20,8"
"2009M12","Nedarbo lygis, pašalinus sezono įtaką","Moterys","15–74","proc.","12,5"
"2009M11","Nedarbo lygis, pašalinus sezono įtaką","Vyrai","15–74","proc.","20,4"
"2009M11","Nedarbo lygis, pašalinus sezono įtaką","Moterys","15–74","proc.","12,3"
"2009M10","Nedarbo lygis, pašalinus sezono įtaką","Vyrai","15–74","proc.","19,9"
"2009M10","Nedarbo lygis, pašalinus sezono įtaką","Moterys","15–74","proc.","11,9"
"2009M09","Nedarbo lygis, pašalinus sezono įtaką","Vyrai","15–74","proc.","19,4"
"2009M09","Nedarbo lygis, pašalinus sezono įtaką","Moterys","15–74","proc.","11,4"
"2009M08","Nedarbo lygis, pašalinus sezono įtaką","Vyrai","15–74","proc.","18,9"
"2009M08","Nedarbo lygis, pašalinus sezono įtaką","Moterys","15–74","proc.","11,0"
"2009M07","Nedarbo lygis, pašalinus sezono įtaką","Vyrai","15–74","proc.","18,2"
"2009M07","Nedarbo lygis, pašalinus sezono įtaką","Moterys","15–74","proc.","10,7"
"2009M06","Nedarbo lygis, pašalinus sezono įtaką","Vyrai","15–74","proc.","17,5"
"2009M06","Nedarbo lygis, pašalinus sezono įtaką","Moterys","15–74","proc.","10,6"
"2009M05","Nedarbo lygis, pašalinus sezono įtaką","Vyrai","15–74","proc.","16,5"
"2009M05","Nedarbo lygis, pašalinus sezono įtaką","Moterys","15–74","proc.","10,3"
"2009M04","Nedarbo lygis, pašalinus sezono įtaką","Vyrai","15–74","proc.","15,4"
"2009M04","Nedarbo lygis, pašalinus sezono įtaką","Moterys","15–74","proc.","9,8"
"2009M03","Nedarbo lygis, pašalinus sezono įtaką","Vyrai","15–74","proc.","14,2"
"2009M03","Nedarbo lygis, pašalinus sezono įtaką","Moterys","15–74","proc.","9,1"
"2009M02","Nedarbo lygis, pašalinus sezono įtaką","Vyrai","15–74","proc.","12,8"
"2009M02","Nedarbo lygis, pašalinus sezono įtaką","Moterys","15–74","proc.","8,6"
"2009M01","Nedarbo lygis, pašalinus sezono įtaką","Vyrai","15–74","proc.","11,5"
"2009M01","Nedarbo lygis, pašalinus sezono įtaką","Moterys","15–74","proc.","8,2"
"2008M12","Nedarbo lygis, pašalinus sezono įtaką","Vyrai","15–74","proc.","10,1"
"2008M12","Nedarbo lygis, pašalinus sezono įtaką","Moterys","15–74","proc.","7,9"
"2008M11","Nedarbo lygis, pašalinus sezono įtaką","Vyrai","15–74","proc.","9,0"
"2008M11","Nedarbo lygis, pašalinus sezono įtaką","Moterys","15–74","proc.","7,7"
"2008M10","Nedarbo lygis, pašalinus sezono įtaką","Vyrai","15–74","proc.","7,9"
"2008M10","Nedarbo lygis, pašalinus sezono įtaką","Moterys","15–74","proc.","7,4"
"2008M09","Nedarbo lygis, pašalinus sezono įtaką","Vyrai","15–74","proc.","7,1"
"2008M09","Nedarbo lygis, pašalinus sezono įtaką","Moterys","15–74","proc.","7,1"
"2008M08","Nedarbo lygis, pašalinus sezono įtaką","Vyrai","15–74","proc.","6,3"
"2008M08","Nedarbo lygis, pašalinus sezono įtaką","Moterys","15–74","proc.","6,5"
"2008M07","Nedarbo lygis, pašalinus sezono įtaką","Vyrai","15–74","proc.","5,6"
"2008M07","Nedarbo lygis, pašalinus sezono įtaką","Moterys","15–74","proc.","5,7"
"2008M06","Nedarbo lygis, pašalinus sezono įtaką","Vyrai","15–74","proc.","4,9"
"2008M06","Nedarbo lygis, pašalinus sezono įtaką","Moterys","15–74","proc.","4,7"
"2008M05","Nedarbo lygis, pašalinus sezono įtaką","Vyrai","15–74","proc.","4,5"
"2008M05","Nedarbo lygis, pašalinus sezono įtaką","Moterys","15–74","proc.","4,0"
"2008M04","Nedarbo lygis, pašalinus sezono įtaką","Vyrai","15–74","proc.","4,3"
"2008M04","Nedarbo lygis, pašalinus sezono įtaką","Moterys","15–74","proc.","3,8"
"2008M03","Nedarbo lygis, pašalinus sezono įtaką","Vyrai","15–74","proc.","4,2"
"2008M03","Nedarbo lygis, pašalinus sezono įtaką","Moterys","15–74","proc.","4,1"
"2008M02","Nedarbo lygis, pašalinus sezono įtaką","Vyrai","15–74","proc.","4,2"
"2008M02","Nedarbo lygis, pašalinus sezono įtaką","Moterys","15–74","proc.","4,2"
"2008M01","Nedarbo lygis, pašalinus sezono įtaką","Vyrai","15–74","proc.","4,2"
"2008M01","Nedarbo lygis, pašalinus sezono įtaką","Moterys","15–74","proc.","4,1"
"2007M12","Nedarbo lygis, pašalinus sezono įtaką","Vyrai","15–74","proc.","4,2"
"2007M12","Nedarbo lygis, pašalinus sezono įtaką","Moterys","15–74","proc.","4,0"
"2007M11","Nedarbo lygis, pašalinus sezono įtaką","Vyrai","15–74","proc.","4,2"
"2007M11","Nedarbo lygis, pašalinus sezono įtaką","Moterys","15–74","proc.","3,9"
"2007M10","Nedarbo lygis, pašalinus sezono įtaką","Vyrai","15–74","proc.","4,2"
"2007M10","Nedarbo lygis, pašalinus sezono įtaką","Moterys","15–74","proc.","3,9"
"2007M09","Nedarbo lygis, pašalinus sezono įtaką","Vyrai","15–74","proc.","4,2"
"2007M09","Nedarbo lygis, pašalinus sezono įtaką","Moterys","15–74","proc.","4,2"
"2007M08","Nedarbo lygis, pašalinus sezono įtaką","Vyrai","15–74","proc.","4,2"
"2007M08","Nedarbo lygis, pašalinus sezono įtaką","Moterys","15–74","proc.","4,2"
"2007M07","Nedarbo lygis, pašalinus sezono įtaką","Vyrai","15–74","proc.","4,3"
"2007M07","Nedarbo lygis, pašalinus sezono įtaką","Moterys","15–74","proc.","4,3"
"2007M06","Nedarbo lygis, pašalinus sezono įtaką","Vyrai","15–74","proc.","4,4"
"2007M06","Nedarbo lygis, pašalinus sezono įtaką","Moterys","15–74","proc.","4,2"
"2007M05","Nedarbo lygis, pašalinus sezono įtaką","Vyrai","15–74","proc.","4,4"
"2007M05","Nedarbo lygis, pašalinus sezono įtaką","Moterys","15–74","proc.","4,3"
"2007M04","Nedarbo lygis, pašalinus sezono įtaką","Vyrai","15–74","proc.","4,3"
"2007M04","Nedarbo lygis, pašalinus sezono įtaką","Moterys","15–74","proc.","4,5"
"2007M03","Nedarbo lygis, pašalinus sezono įtaką","Vyrai","15–74","proc.","4,0"
"2007M03","Nedarbo lygis, pašalinus sezono įtaką","Moterys","15–74","proc.","4,9"
"2007M02","Nedarbo lygis, pašalinus sezono įtaką","Vyrai","15–74","proc.","3,9"
"2007M02","Nedarbo lygis, pašalinus sezono įtaką","Moterys","15–74","proc.","5,0"
"2007M01","Nedarbo lygis, pašalinus sezono įtaką","Vyrai","15–74","proc.","3,8"
"2007M01","Nedarbo lygis, pašalinus sezono įtaką","Moterys","15–74","proc.","4,8"
"2006M12","Nedarbo lygis, pašalinus sezono įtaką","Vyrai","15–74","proc.","4,7"
"2006M12","Nedarbo lygis, pašalinus sezono įtaką","Moterys","15–74","proc.","5,2"
"2006M11","Nedarbo lygis, pašalinus sezono įtaką","Vyrai","15–74","proc.","5,0"
"2006M11","Nedarbo lygis, pašalinus sezono įtaką","Moterys","15–74","proc.","5,0"
"2006M10","Nedarbo lygis, pašalinus sezono įtaką","Vyrai","15–74","proc.","5,4"
"2006M10","Nedarbo lygis, pašalinus sezono įtaką","Moterys","15–74","proc.","5,1"
"2006M09","Nedarbo lygis, pašalinus sezono įtaką","Vyrai","15–74","proc.","5,9"
"2006M09","Nedarbo lygis, pašalinus sezono įtaką","Moterys","15–74","proc.","5,3"
"2006M08","Nedarbo lygis, pašalinus sezono įtaką","Vyrai","15–74","proc.","6,1"
"2006M08","Nedarbo lygis, pašalinus sezono įtaką","Moterys","15–74","proc.","5,5"
"2006M07","Nedarbo lygis, pašalinus sezono įtaką","Vyrai","15–74","proc.","6,1"
"2006M07","Nedarbo lygis, pašalinus sezono įtaką","Moterys","15–74","proc.","5,6"
"2006M06","Nedarbo lygis, pašalinus sezono įtaką","Vyrai","15–74","proc.","5,9"
"2006M06","Nedarbo lygis, pašalinus sezono įtaką","Moterys","15–74","proc.","5,7"
"2006M05","Nedarbo lygis, pašalinus sezono įtaką","Vyrai","15–74","proc.","5,9"
"2006M05","Nedarbo lygis, pašalinus sezono įtaką","Moterys","15–74","proc.","5,8"
"2006M04","Nedarbo lygis, pašalinus sezono įtaką","Vyrai","15–74","proc.","6,0"
"2006M04","Nedarbo lygis, pašalinus sezono įtaką","Moterys","15–74","proc.","5,8"
"2006M03","Nedarbo lygis, pašalinus sezono įtaką","Vyrai","15–74","proc.","6,4"
"2006M03","Nedarbo lygis, pašalinus sezono įtaką","Moterys","15–74","proc.","5,9"
"2006M02","Nedarbo lygis, pašalinus sezono įtaką","Vyrai","15–74","proc.","6,8"
"2006M02","Nedarbo lygis, pašalinus sezono įtaką","Moterys","15–74","proc.","6,1"
"2006M01","Nedarbo lygis, pašalinus sezono įtaką","Vyrai","15–74","proc.","7,0"
"2006M01","Nedarbo lygis, pašalinus sezono įtaką","Moterys","15–74","proc.","6,3"
"2005M12","Nedarbo lygis, pašalinus sezono įtaką","Vyrai","15–74","proc.","7,2"
"2005M12","Nedarbo lygis, pašalinus sezono įtaką","Moterys","15–74","proc.","6,5"
"2005M11","Nedarbo lygis, pašalinus sezono įtaką","Vyrai","15–74","proc.","7,3"
"2005M11","Nedarbo lygis, pašalinus sezono įtaką","Moterys","15–74","proc.","6,8"
"2005M10","Nedarbo lygis, pašalinus sezono įtaką","Vyrai","15–74","proc.","7,3"
"2005M10","Nedarbo lygis, pašalinus sezono įtaką","Moterys","15–74","proc.","7,1"
"2005M09","Nedarbo lygis, pašalinus sezono įtaką","Vyrai","15–74","proc.","7,2"
"2005M09","Nedarbo lygis, pašalinus sezono įtaką","Moterys","15–74","proc.","7,6"
"2005M08","Nedarbo lygis, pašalinus sezono įtaką","Vyrai","15–74","proc.","7,4"
"2005M08","Nedarbo lygis, pašalinus sezono įtaką","Moterys","15–74","proc.","8,0"
"2005M07","Nedarbo lygis, pašalinus sezono įtaką","Vyrai","15–74","proc.","7,8"
"2005M07","Nedarbo lygis, pašalinus sezono įtaką","Moterys","15–74","proc.","8,4"
"2005M06","Nedarbo lygis, pašalinus sezono įtaką","Vyrai","15–74","proc.","8,4"
"2005M06","Nedarbo lygis, pašalinus sezono įtaką","Moterys","15–74","proc.","8,9"
"2005M05","Nedarbo lygis, pašalinus sezono įtaką","Vyrai","15–74","proc.","8,8"
"2005M05","Nedarbo lygis, pašalinus sezono įtaką","Moterys","15–74","proc.","9,3"
"2005M04","Nedarbo lygis, pašalinus sezono įtaką","Vyrai","15–74","proc.","9,0"
"2005M04","Nedarbo lygis, pašalinus sezono įtaką","Moterys","15–74","proc.","9,6"
"2005M03","Nedarbo lygis, pašalinus sezono įtaką","Vyrai","15–74","proc.","8,9"
"2005M03","Nedarbo lygis, pašalinus sezono įtaką","Moterys","15–74","proc.","9,7"
"2005M02","Nedarbo lygis, pašalinus sezono įtaką","Vyrai","15–74","proc.","9,0"
"2005M02","Nedarbo lygis, pašalinus sezono įtaką","Moterys","15–74","proc.","10,0"
"2005M01","Nedarbo lygis, pašalinus sezono įtaką","Vyrai","15–74","proc.","9,2"
"2005M01","Nedarbo lygis, pašalinus sezono įtaką","Moterys","15–74","proc.","10,4"
"2004M12","Nedarbo lygis, pašalinus sezono įtaką","Vyrai","15–74","proc.","9,6"
"2004M12","Nedarbo lygis, pašalinus sezono įtaką","Moterys","15–74","proc.","11,0"
"2004M11","Nedarbo lygis, pašalinus sezono įtaką","Vyrai","15–74","proc.","9,8"
"2004M11","Nedarbo lygis, pašalinus sezono įtaką","Moterys","15–74","proc.","11,2"
"2004M10","Nedarbo lygis, pašalinus sezono įtaką","Vyrai","15–74","proc.","10,1"
"2004M10","Nedarbo lygis, pašalinus sezono įtaką","Moterys","15–74","proc.","11,3"
"2004M09","Nedarbo lygis, pašalinus sezono įtaką","Vyrai","15–74","proc.","10,4"
"2004M09","Nedarbo lygis, pašalinus sezono įtaką","Moterys","15–74","proc.","11,1"
"2004M08","Nedarbo lygis, pašalinus sezono įtaką","Vyrai","15–74","proc.","10,5"
"2004M08","Nedarbo lygis, pašalinus sezono įtaką","Moterys","15–74","proc.","11,0"
"2004M07","Nedarbo lygis, pašalinus sezono įtaką","Vyrai","15–74","proc.","10,5"
"2004M07","Nedarbo lygis, pašalinus sezono įtaką","Moterys","15–74","proc.","11,1"
"2004M06","Nedarbo lygis, pašalinus sezono įtaką","Vyrai","15–74","proc.","10,4"
"2004M06","Nedarbo lygis, pašalinus sezono įtaką","Moterys","15–74","proc.","11,3"
"2004M05","Nedarbo lygis, pašalinus sezono įtaką","Vyrai","15–74","proc.","10,4"
"2004M05","Nedarbo lygis, pašalinus sezono įtaką","Moterys","15–74","proc.","11,4"
"2004M04","Nedarbo lygis, pašalinus sezono įtaką","Vyrai","15–74","proc.","10,6"
"2004M04","Nedarbo lygis, pašalinus sezono įtaką","Moterys","15–74","proc.","11,5"
"2004M03","Nedarbo lygis, pašalinus sezono įtaką","Vyrai","15–74","proc.","10,9"
"2004M03","Nedarbo lygis, pašalinus sezono įtaką","Moterys","15–74","proc.","11,6"
"2004M02","Nedarbo lygis, pašalinus sezono įtaką","Vyrai","15–74","proc.","11,2"
"2004M02","Nedarbo lygis, pašalinus sezono įtaką","Moterys","15–74","proc.","11,7"
"2004M01","Nedarbo lygis, pašalinus sezono įtaką","Vyrai","15–74","proc.","11,5"
"2004M01","Nedarbo lygis, pašalinus sezono įtaką","Moterys","15–74","proc.","11,7"
"2003M12","Nedarbo lygis, pašalinus sezono įtaką","Vyrai","15–74","proc.","11,7"
"2003M12","Nedarbo lygis, pašalinus sezono įtaką","Moterys","15–74","proc.","11,7"
"2003M11","Nedarbo lygis, pašalinus sezono įtaką","Vyrai","15–74","proc.","12,0"
"2003M11","Nedarbo lygis, pašalinus sezono įtaką","Moterys","15–74","proc.","11,7"
"2003M10","Nedarbo lygis, pašalinus sezono įtaką","Vyrai","15–74","proc.","12,2"
"2003M10","Nedarbo lygis, pašalinus sezono įtaką","Moterys","15–74","proc.","11,8"
"2003M09","Nedarbo lygis, pašalinus sezono įtaką","Vyrai","15–74","proc.","12,4"
"2003M09","Nedarbo lygis, pašalinus sezono įtaką","Moterys","15–74","proc.","11,9"
"2003M08","Nedarbo lygis, pašalinus sezono įtaką","Vyrai","15–74","proc.","12,6"
"2003M08","Nedarbo lygis, pašalinus sezono įtaką","Moterys","15–74","proc.","12,2"
"2003M07","Nedarbo lygis, pašalinus sezono įtaką","Vyrai","15–74","proc.","12,7"
"2003M07","Nedarbo lygis, pašalinus sezono įtaką","Moterys","15–74","proc.","12,6"
"2003M06","Nedarbo lygis, pašalinus sezono įtaką","Vyrai","15–74","proc.","12,8"
"2003M06","Nedarbo lygis, pašalinus sezono įtaką","Moterys","15–74","proc.","13,1"
"2003M05","Nedarbo lygis, pašalinus sezono įtaką","Vyrai","15–74","proc.","13,0"
"2003M05","Nedarbo lygis, pašalinus sezono įtaką","Moterys","15–74","proc.","13,1"
"2003M04","Nedarbo lygis, pašalinus sezono įtaką","Vyrai","15–74","proc.","13,1"
"2003M04","Nedarbo lygis, pašalinus sezono įtaką","Moterys","15–74","proc.","12,8"
"2003M03","Nedarbo lygis, pašalinus sezono įtaką","Vyrai","15–74","proc.","13,2"
"2003M03","Nedarbo lygis, pašalinus sezono įtaką","Moterys","15–74","proc.","12,1"
"2003M02","Nedarbo lygis, pašalinus sezono įtaką","Vyrai","15–74","proc.","13,2"
"2003M02","Nedarbo lygis, pašalinus sezono įtaką","Moterys","15–74","proc.","11,5"
"2003M01","Nedarbo lygis, pašalinus sezono įtaką","Vyrai","15–74","proc.","13,4"
"2003M01","Nedarbo lygis, pašalinus sezono įtaką","Moterys","15–74","proc.","11,4"
"2002M12","Nedarbo lygis, pašalinus sezono įtaką","Vyrai","15–74","proc.","13,5"
"2002M12","Nedarbo lygis, pašalinus sezono įtaką","Moterys","15–74","proc.","11,8"
"2002M11","Nedarbo lygis, pašalinus sezono įtaką","Vyrai","15–74","proc.","13,6"
"2002M11","Nedarbo lygis, pašalinus sezono įtaką","Moterys","15–74","proc.","12,1"
"2002M10","Nedarbo lygis, pašalinus sezono įtaką","Vyrai","15–74","proc.","13,6"
"2002M10","Nedarbo lygis, pašalinus sezono įtaką","Moterys","15–74","proc.","12,3"
"2002M09","Nedarbo lygis, pašalinus sezono įtaką","Vyrai","15–74","proc.","13,4"
"2002M09","Nedarbo lygis, pašalinus sezono įtaką","Moterys","15–74","proc.","12,4"
"2002M08","Nedarbo lygis, pašalinus sezono įtaką","Vyrai","15–74","proc.","13,3"
"2002M08","Nedarbo lygis, pašalinus sezono įtaką","Moterys","15–74","proc.","12,5"
"2002M07","Nedarbo lygis, pašalinus sezono įtaką","Vyrai","15–74","proc.","13,1"
"2002M07","Nedarbo lygis, pašalinus sezono įtaką","Moterys","15–74","proc.","12,7"
"2002M06","Nedarbo lygis, pašalinus sezono įtaką","Vyrai","15–74","proc.","12,9"
"2002M06","Nedarbo lygis, pašalinus sezono įtaką","Moterys","15–74","proc.","13,0"
"2002M05","Nedarbo lygis, pašalinus sezono įtaką","Vyrai","15–74","proc.","13,4"
"2002M05","Nedarbo lygis, pašalinus sezono įtaką","Moterys","15–74","proc.","13,3"
"2002M04","Nedarbo lygis, pašalinus sezono įtaką","Vyrai","15–74","proc.","14,7"
"2002M04","Nedarbo lygis, pašalinus sezono įtaką","Moterys","15–74","proc.","13,5"
"2002M03","Nedarbo lygis, pašalinus sezono įtaką","Vyrai","15–74","proc.","16,6"
"2002M03","Nedarbo lygis, pašalinus sezono įtaką","Moterys","15–74","proc.","13,5"
"2002M02","Nedarbo lygis, pašalinus sezono įtaką","Vyrai","15–74","proc.","18,1"
"2002M02","Nedarbo lygis, pašalinus sezono įtaką","Moterys","15–74","proc.","13,7"
"2002M01","Nedarbo lygis, pašalinus sezono įtaką","Vyrai","15–74","proc.","19,2"
"2002M01","Nedarbo lygis, pašalinus sezono įtaką","Moterys","15–74","proc.","14,0"
"2001M12","Nedarbo lygis, pašalinus sezono įtaką","Vyrai","15–74","proc.","20,0"
"2001M12","Nedarbo lygis, pašalinus sezono įtaką","Moterys","15–74","proc.","14,5"
"2001M11","Nedarbo lygis, pašalinus sezono įtaką","Vyrai","15–74","proc.","20,3"
"2001M11","Nedarbo lygis, pašalinus sezono įtaką","Moterys","15–74","proc.","14,7"
"2001M10","Nedarbo lygis, pašalinus sezono įtaką","Vyrai","15–74","proc.","20,1"
"2001M10","Nedarbo lygis, pašalinus sezono įtaką","Moterys","15–74","proc.","15,0"
"2001M09","Nedarbo lygis, pašalinus sezono įtaką","Vyrai","15–74","proc.","18,7"
"2001M09","Nedarbo lygis, pašalinus sezono įtaką","Moterys","15–74","proc.","14,8"
"2001M08","Nedarbo lygis, pašalinus sezono įtaką","Vyrai","15–74","proc.","18,6"
"2001M08","Nedarbo lygis, pašalinus sezono įtaką","Moterys","15–74","proc.","14,8"
"2001M07","Nedarbo lygis, pašalinus sezono įtaką","Vyrai","15–74","proc.","19,0"
"2001M07","Nedarbo lygis, pašalinus sezono įtaką","Moterys","15–74","proc.","14,7"
"2001M06","Nedarbo lygis, pašalinus sezono įtaką","Vyrai","15–74","proc.","20,1"
"2001M06","Nedarbo lygis, pašalinus sezono įtaką","Moterys","15–74","proc.","14,5"
"2001M05","Nedarbo lygis, pašalinus sezono įtaką","Vyrai","15–74","proc.","20,7"
"2001M05","Nedarbo lygis, pašalinus sezono įtaką","Moterys","15–74","proc.","14,4"
"2001M04","Nedarbo lygis, pašalinus sezono įtaką","Vyrai","15–74","proc.","21,0"
"2001M04","Nedarbo lygis, pašalinus sezono įtaką","Moterys","15–74","proc.","14,5"
"2001M03","Nedarbo lygis, pašalinus sezono įtaką","Vyrai","15–74","proc.","20,7"
"2001M03","Nedarbo lygis, pašalinus sezono įtaką","Moterys","15–74","proc.","14,8"
"2001M02","Nedarbo lygis, pašalinus sezono įtaką","Vyrai","15–74","proc.","20,5"
"2001M02","Nedarbo lygis, pašalinus sezono įtaką","Moterys","15–74","proc.","15,0"
"2001M01","Nedarbo lygis, pašalinus sezono įtaką","Vyrai","15–74","proc.","20,4"
"2001M01","Nedarbo lygis, pašalinus sezono įtaką","Moterys","15–74","proc.","14,8"
"2000M12","Nedarbo lygis, pašalinus sezono įtaką","Vyrai","15–74","proc.","19,5"
"2000M12","Nedarbo lygis, pašalinus sezono įtaką","Moterys","15–74","proc.","14,0"
"2000M11","Nedarbo lygis, pašalinus sezono įtaką","Vyrai","15–74","proc.","19,2"
"2000M11","Nedarbo lygis, pašalinus sezono įtaką","Moterys","15–74","proc.","13,8"
"2000M10","Nedarbo lygis, pašalinus sezono įtaką","Vyrai","15–74","proc.","19,1"
"2000M10","Nedarbo lygis, pašalinus sezono įtaką","Moterys","15–74","proc.","13,8"
"2000M09","Nedarbo lygis, pašalinus sezono įtaką","Vyrai","15–74","proc.","19,5"
"2000M09","Nedarbo lygis, pašalinus sezono įtaką","Moterys","15–74","proc.","14,3"
"2000M08","Nedarbo lygis, pašalinus sezono įtaką","Vyrai","15–74","proc.","19,5"
"2000M08","Nedarbo lygis, pašalinus sezono įtaką","Moterys","15–74","proc.","14,5"
"2000M07","Nedarbo lygis, pašalinus sezono įtaką","Vyrai","15–74","proc.","19,4"
"2000M07","Nedarbo lygis, pašalinus sezono įtaką","Moterys","15–74","proc.","14,5"
"2000M06","Nedarbo lygis, pašalinus sezono įtaką","Vyrai","15–74","proc.","19,1"
"2000M06","Nedarbo lygis, pašalinus sezono įtaką","Moterys","15–74","proc.","14,4"
"2000M05","Nedarbo lygis, pašalinus sezono įtaką","Vyrai","15–74","proc.","18,8"
"2000M05","Nedarbo lygis, pašalinus sezono įtaką","Moterys","15–74","proc.","14,2"
"2000M04","Nedarbo lygis, pašalinus sezono įtaką","Vyrai","15–74","proc.","18,4"
"2000M04","Nedarbo lygis, pašalinus sezono įtaką","Moterys","15–74","proc.","13,9"
"2000M03","Nedarbo lygis, pašalinus sezono įtaką","Vyrai","15–74","proc.","17,9"
"2000M03","Nedarbo lygis, pašalinus sezono įtaką","Moterys","15–74","proc.","13,5"
"2000M02","Nedarbo lygis, pašalinus sezono įtaką","Vyrai","15–74","proc.","17,7"
"2000M02","Nedarbo lygis, pašalinus sezono įtaką","Moterys","15–74","proc.","13,4"
"2000M01","Nedarbo lygis, pašalinus sezono įtaką","Vyrai","15–74","proc.","17,7"
"2000M01","Nedarbo lygis, pašalinus sezono įtaką","Moterys","15–74","proc.","13,4"
"1999M12","Nedarbo lygis, pašalinus sezono įtaką","Vyrai","15–74","proc.","17,8"
"1999M12","Nedarbo lygis, pašalinus sezono įtaką","Moterys","15–74","proc.","13,9"
"1999M11","Nedarbo lygis, pašalinus sezono įtaką","Vyrai","15–74","proc.","17,8"
"1999M11","Nedarbo lygis, pašalinus sezono įtaką","Moterys","15–74","proc.","14,0"
"1999M10","Nedarbo lygis, pašalinus sezono įtaką","Vyrai","15–74","proc.","17,7"
"1999M10","Nedarbo lygis, pašalinus sezono įtaką","Moterys","15–74","proc.","13,9"
"1999M09","Nedarbo lygis, pašalinus sezono įtaką","Vyrai","15–74","proc.","17,5"
"1999M09","Nedarbo lygis, pašalinus sezono įtaką","Moterys","15–74","proc.","13,7"
"1999M08","Nedarbo lygis, pašalinus sezono įtaką","Vyrai","15–74","proc.","17,0"
"1999M08","Nedarbo lygis, pašalinus sezono įtaką","Moterys","15–74","proc.","13,5"
"1999M07","Nedarbo lygis, pašalinus sezono įtaką","Vyrai","15–74","proc.","16,5"
"1999M07","Nedarbo lygis, pašalinus sezono įtaką","Moterys","15–74","proc.","13,2"
"1999M06","Nedarbo lygis, pašalinus sezono įtaką","Vyrai","15–74","proc.","15,6"
"1999M06","Nedarbo lygis, pašalinus sezono įtaką","Moterys","15–74","proc.","12,7"
"1999M05","Nedarbo lygis, pašalinus sezono įtaką","Vyrai","15–74","proc.","15,2"
"1999M05","Nedarbo lygis, pašalinus sezono įtaką","Moterys","15–74","proc.","12,4"
"1999M04","Nedarbo lygis, pašalinus sezono įtaką","Vyrai","15–74","proc.","14,9"
"1999M04","Nedarbo lygis, pašalinus sezono įtaką","Moterys","15–74","proc.","12,3"
"1999M03","Nedarbo lygis, pašalinus sezono įtaką","Vyrai","15–74","proc.","15,0"
"1999M03","Nedarbo lygis, pašalinus sezono įtaką","Moterys","15–74","proc.","12,3"
"1999M02","Nedarbo lygis, pašalinus sezono įtaką","Vyrai","15–74","proc.","14,9"
"1999M02","Nedarbo lygis, pašalinus sezono įtaką","Moterys","15–74","proc.","12,1"
"1999M01","Nedarbo lygis, pašalinus sezono įtaką","Vyrai","15–74","proc.","14,7"
"1999M01","Nedarbo lygis, pašalinus sezono įtaką","Moterys","15–74","proc.","12,0"
"1998M12","Nedarbo lygis, pašalinus sezono įtaką","Vyrai","15–74","proc.","14,5"
"1998M12","Nedarbo lygis, pašalinus sezono įtaką","Moterys","15–74","proc.","11,9"
"1998M11","Nedarbo lygis, pašalinus sezono įtaką","Vyrai","15–74","proc.","14,3"
"1998M11","Nedarbo lygis, pašalinus sezono įtaką","Moterys","15–74","proc.","11,7"
"1998M10","Nedarbo lygis, pašalinus sezono įtaką","Vyrai","15–74","proc.","14,1"
"1998M10","Nedarbo lygis, pašalinus sezono įtaką","Moterys","15–74","proc.","11,4"
"1998M09","Nedarbo lygis, pašalinus sezono įtaką","Vyrai","15–74","proc.","13,9"
"1998M09","Nedarbo lygis, pašalinus sezono įtaką","Moterys","15–74","proc.","10,8"
"1998M08","Nedarbo lygis, pašalinus sezono įtaką","Vyrai","15–74","proc.","13,9"
"1998M08","Nedarbo lygis, pašalinus sezono įtaką","Moterys","15–74","proc.","10,7"
"1998M07","Nedarbo lygis, pašalinus sezono įtaką","Vyrai","15–74","proc.","14,2"
"1998M07","Nedarbo lygis, pašalinus sezono įtaką","Moterys","15–74","proc.","10,9"
"1998M06","Nedarbo lygis, pašalinus sezono įtaką","Vyrai","15–74","proc.","14,8"
"1998M06","Nedarbo lygis, pašalinus sezono įtaką","Moterys","15–74","proc.","11,6"
"1998M05","Nedarbo lygis, pašalinus sezono įtaką","Vyrai","15–74","proc.","15,1"
"1998M05","Nedarbo lygis, pašalinus sezono įtaką","Moterys","15–74","proc.","12,0"
"1998M04","Nedarbo lygis, pašalinus sezono įtaką","Vyrai","15–74","proc.","15,3"
"1998M04","Nedarbo lygis, pašalinus sezono įtaką","Moterys","15–74","proc.","12,2"
"1998M03","Nedarbo lygis, pašalinus sezono įtaką","Vyrai","15–74","proc.","15,4"
"1998M03","Nedarbo lygis, pašalinus sezono įtaką","Moterys","15–74","proc.","12,2"
"1998M02","Nedarbo lygis, pašalinus sezono įtaką","Vyrai","15–74","proc.","15,5"
"1998M02","Nedarbo lygis, pašalinus sezono įtaką","Moterys","15–74","proc.","12,3"
"1998M01","Nedarbo lygis, pašalinus sezono įtaką","Vyrai","15–74","proc.","15,4"
"1998M01","Nedarbo lygis, pašalinus sezono įtaką","Moterys","15–74","proc.","12,2"
